buying_high,buying_low,buying_med,buying_vhigh,maint_high,maint_low,maint_med,maint_vhigh,doors_2,doors_3,doors_4,doors_5more,persons_2,persons_4,persons_more,lug_boot_big,lug_boot_med,lug_boot_small,safety_high,safety_low,safety_med,status,animal
0,0,0,1,0,0,0,1,1,0,0,0,1,0,0,0,0,1,0,1,0,0,car_1
0,0,0,1,0,0,0,1,1,0,0,0,1,0,0,0,0,1,0,0,1,0,car_2
0,0,0,1,0,0,0,1,1,0,0,0,1,0,0,0,0,1,1,0,0,0,car_3
0,0,0,1,0,0,0,1,1,0,0,0,1,0,0,0,1,0,0,1,0,0,car_4
0,0,0,1,0,0,0,1,1,0,0,0,1,0,0,0,1,0,0,0,1,0,car_5
0,0,0,1,0,0,0,1,1,0,0,0,1,0,0,0,1,0,1,0,0,0,car_6
0,0,0,1,0,0,0,1,1,0,0,0,1,0,0,1,0,0,0,1,0,0,car_7
0,0,0,1,0,0,0,1,1,0,0,0,1,0,0,1,0,0,0,0,1,0,car_8
0,0,0,1,0,0,0,1,1,0,0,0,1,0,0,1,0,0,1,0,0,0,car_9
0,0,0,1,0,0,0,1,1,0,0,0,0,1,0,0,0,1,0,1,0,0,car_10
0,0,0,1,0,0,0,1,1,0,0,0,0,1,0,0,0,1,0,0,1,0,car_11
0,0,0,1,0,0,0,1,1,0,0,0,0,1,0,0,0,1,1,0,0,0,car_12
0,0,0,1,0,0,0,1,1,0,0,0,0,1,0,0,1,0,0,1,0,0,car_13
0,0,0,1,0,0,0,1,1,0,0,0,0,1,0,0,1,0,0,0,1,0,car_14
0,0,0,1,0,0,0,1,1,0,0,0,0,1,0,0,1,0,1,0,0,0,car_15
0,0,0,1,0,0,0,1,1,0,0,0,0,1,0,1,0,0,0,1,0,0,car_16
0,0,0,1,0,0,0,1,1,0,0,0,0,1,0,1,0,0,0,0,1,0,car_17
0,0,0,1,0,0,0,1,1,0,0,0,0,1,0,1,0,0,1,0,0,0,car_18
0,0,0,1,0,0,0,1,1,0,0,0,0,0,1,0,0,1,0,1,0,0,car_19
0,0,0,1,0,0,0,1,1,0,0,0,0,0,1,0,0,1,0,0,1,0,car_20
0,0,0,1,0,0,0,1,1,0,0,0,0,0,1,0,0,1,1,0,0,0,car_21
0,0,0,1,0,0,0,1,1,0,0,0,0,0,1,0,1,0,0,1,0,0,car_22
0,0,0,1,0,0,0,1,1,0,0,0,0,0,1,0,1,0,0,0,1,0,car_23
0,0,0,1,0,0,0,1,1,0,0,0,0,0,1,0,1,0,1,0,0,0,car_24
0,0,0,1,0,0,0,1,1,0,0,0,0,0,1,1,0,0,0,1,0,0,car_25
0,0,0,1,0,0,0,1,1,0,0,0,0,0,1,1,0,0,0,0,1,0,car_26
0,0,0,1,0,0,0,1,1,0,0,0,0,0,1,1,0,0,1,0,0,0,car_27
0,0,0,1,0,0,0,1,0,1,0,0,1,0,0,0,0,1,0,1,0,0,car_28
0,0,0,1,0,0,0,1,0,1,0,0,1,0,0,0,0,1,0,0,1,0,car_29
0,0,0,1,0,0,0,1,0,1,0,0,1,0,0,0,0,1,1,0,0,0,car_30
0,0,0,1,0,0,0,1,0,1,0,0,1,0,0,0,1,0,0,1,0,0,car_31
0,0,0,1,0,0,0,1,0,1,0,0,1,0,0,0,1,0,0,0,1,0,car_32
0,0,0,1,0,0,0,1,0,1,0,0,1,0,0,0,1,0,1,0,0,0,car_33
0,0,0,1,0,0,0,1,0,1,0,0,1,0,0,1,0,0,0,1,0,0,car_34
0,0,0,1,0,0,0,1,0,1,0,0,1,0,0,1,0,0,0,0,1,0,car_35
0,0,0,1,0,0,0,1,0,1,0,0,1,0,0,1,0,0,1,0,0,0,car_36
0,0,0,1,0,0,0,1,0,1,0,0,0,1,0,0,0,1,0,1,0,0,car_37
0,0,0,1,0,0,0,1,0,1,0,0,0,1,0,0,0,1,0,0,1,0,car_38
0,0,0,1,0,0,0,1,0,1,0,0,0,1,0,0,0,1,1,0,0,0,car_39
0,0,0,1,0,0,0,1,0,1,0,0,0,1,0,0,1,0,0,1,0,0,car_40
0,0,0,1,0,0,0,1,0,1,0,0,0,1,0,0,1,0,0,0,1,0,car_41
0,0,0,1,0,0,0,1,0,1,0,0,0,1,0,0,1,0,1,0,0,0,car_42
0,0,0,1,0,0,0,1,0,1,0,0,0,1,0,1,0,0,0,1,0,0,car_43
0,0,0,1,0,0,0,1,0,1,0,0,0,1,0,1,0,0,0,0,1,0,car_44
0,0,0,1,0,0,0,1,0,1,0,0,0,1,0,1,0,0,1,0,0,0,car_45
0,0,0,1,0,0,0,1,0,1,0,0,0,0,1,0,0,1,0,1,0,0,car_46
0,0,0,1,0,0,0,1,0,1,0,0,0,0,1,0,0,1,0,0,1,0,car_47
0,0,0,1,0,0,0,1,0,1,0,0,0,0,1,0,0,1,1,0,0,0,car_48
0,0,0,1,0,0,0,1,0,1,0,0,0,0,1,0,1,0,0,1,0,0,car_49
0,0,0,1,0,0,0,1,0,1,0,0,0,0,1,0,1,0,0,0,1,0,car_50
0,0,0,1,0,0,0,1,0,1,0,0,0,0,1,0,1,0,1,0,0,0,car_51
0,0,0,1,0,0,0,1,0,1,0,0,0,0,1,1,0,0,0,1,0,0,car_52
0,0,0,1,0,0,0,1,0,1,0,0,0,0,1,1,0,0,0,0,1,0,car_53
0,0,0,1,0,0,0,1,0,1,0,0,0,0,1,1,0,0,1,0,0,0,car_54
0,0,0,1,0,0,0,1,0,0,1,0,1,0,0,0,0,1,0,1,0,0,car_55
0,0,0,1,0,0,0,1,0,0,1,0,1,0,0,0,0,1,0,0,1,0,car_56
0,0,0,1,0,0,0,1,0,0,1,0,1,0,0,0,0,1,1,0,0,0,car_57
0,0,0,1,0,0,0,1,0,0,1,0,1,0,0,0,1,0,0,1,0,0,car_58
0,0,0,1,0,0,0,1,0,0,1,0,1,0,0,0,1,0,0,0,1,0,car_59
0,0,0,1,0,0,0,1,0,0,1,0,1,0,0,0,1,0,1,0,0,0,car_60
0,0,0,1,0,0,0,1,0,0,1,0,1,0,0,1,0,0,0,1,0,0,car_61
0,0,0,1,0,0,0,1,0,0,1,0,1,0,0,1,0,0,0,0,1,0,car_62
0,0,0,1,0,0,0,1,0,0,1,0,1,0,0,1,0,0,1,0,0,0,car_63
0,0,0,1,0,0,0,1,0,0,1,0,0,1,0,0,0,1,0,1,0,0,car_64
0,0,0,1,0,0,0,1,0,0,1,0,0,1,0,0,0,1,0,0,1,0,car_65
0,0,0,1,0,0,0,1,0,0,1,0,0,1,0,0,0,1,1,0,0,0,car_66
0,0,0,1,0,0,0,1,0,0,1,0,0,1,0,0,1,0,0,1,0,0,car_67
0,0,0,1,0,0,0,1,0,0,1,0,0,1,0,0,1,0,0,0,1,0,car_68
0,0,0,1,0,0,0,1,0,0,1,0,0,1,0,0,1,0,1,0,0,0,car_69
0,0,0,1,0,0,0,1,0,0,1,0,0,1,0,1,0,0,0,1,0,0,car_70
0,0,0,1,0,0,0,1,0,0,1,0,0,1,0,1,0,0,0,0,1,0,car_71
0,0,0,1,0,0,0,1,0,0,1,0,0,1,0,1,0,0,1,0,0,0,car_72
0,0,0,1,0,0,0,1,0,0,1,0,0,0,1,0,0,1,0,1,0,0,car_73
0,0,0,1,0,0,0,1,0,0,1,0,0,0,1,0,0,1,0,0,1,0,car_74
0,0,0,1,0,0,0,1,0,0,1,0,0,0,1,0,0,1,1,0,0,0,car_75
0,0,0,1,0,0,0,1,0,0,1,0,0,0,1,0,1,0,0,1,0,0,car_76
0,0,0,1,0,0,0,1,0,0,1,0,0,0,1,0,1,0,0,0,1,0,car_77
0,0,0,1,0,0,0,1,0,0,1,0,0,0,1,0,1,0,1,0,0,0,car_78
0,0,0,1,0,0,0,1,0,0,1,0,0,0,1,1,0,0,0,1,0,0,car_79
0,0,0,1,0,0,0,1,0,0,1,0,0,0,1,1,0,0,0,0,1,0,car_80
0,0,0,1,0,0,0,1,0,0,1,0,0,0,1,1,0,0,1,0,0,0,car_81
0,0,0,1,0,0,0,1,0,0,0,1,1,0,0,0,0,1,0,1,0,0,car_82
0,0,0,1,0,0,0,1,0,0,0,1,1,0,0,0,0,1,0,0,1,0,car_83
0,0,0,1,0,0,0,1,0,0,0,1,1,0,0,0,0,1,1,0,0,0,car_84
0,0,0,1,0,0,0,1,0,0,0,1,1,0,0,0,1,0,0,1,0,0,car_85
0,0,0,1,0,0,0,1,0,0,0,1,1,0,0,0,1,0,0,0,1,0,car_86
0,0,0,1,0,0,0,1,0,0,0,1,1,0,0,0,1,0,1,0,0,0,car_87
0,0,0,1,0,0,0,1,0,0,0,1,1,0,0,1,0,0,0,1,0,0,car_88
0,0,0,1,0,0,0,1,0,0,0,1,1,0,0,1,0,0,0,0,1,0,car_89
0,0,0,1,0,0,0,1,0,0,0,1,1,0,0,1,0,0,1,0,0,0,car_90
0,0,0,1,0,0,0,1,0,0,0,1,0,1,0,0,0,1,0,1,0,0,car_91
0,0,0,1,0,0,0,1,0,0,0,1,0,1,0,0,0,1,0,0,1,0,car_92
0,0,0,1,0,0,0,1,0,0,0,1,0,1,0,0,0,1,1,0,0,0,car_93
0,0,0,1,0,0,0,1,0,0,0,1,0,1,0,0,1,0,0,1,0,0,car_94
0,0,0,1,0,0,0,1,0,0,0,1,0,1,0,0,1,0,0,0,1,0,car_95
0,0,0,1,0,0,0,1,0,0,0,1,0,1,0,0,1,0,1,0,0,0,car_96
0,0,0,1,0,0,0,1,0,0,0,1,0,1,0,1,0,0,0,1,0,0,car_97
0,0,0,1,0,0,0,1,0,0,0,1,0,1,0,1,0,0,0,0,1,0,car_98
0,0,0,1,0,0,0,1,0,0,0,1,0,1,0,1,0,0,1,0,0,0,car_99
0,0,0,1,0,0,0,1,0,0,0,1,0,0,1,0,0,1,0,1,0,0,car_100
0,0,0,1,0,0,0,1,0,0,0,1,0,0,1,0,0,1,0,0,1,0,car_101
0,0,0,1,0,0,0,1,0,0,0,1,0,0,1,0,0,1,1,0,0,0,car_102
0,0,0,1,0,0,0,1,0,0,0,1,0,0,1,0,1,0,0,1,0,0,car_103
0,0,0,1,0,0,0,1,0,0,0,1,0,0,1,0,1,0,0,0,1,0,car_104
0,0,0,1,0,0,0,1,0,0,0,1,0,0,1,0,1,0,1,0,0,0,car_105
0,0,0,1,0,0,0,1,0,0,0,1,0,0,1,1,0,0,0,1,0,0,car_106
0,0,0,1,0,0,0,1,0,0,0,1,0,0,1,1,0,0,0,0,1,0,car_107
0,0,0,1,0,0,0,1,0,0,0,1,0,0,1,1,0,0,1,0,0,0,car_108
0,0,0,1,1,0,0,0,1,0,0,0,1,0,0,0,0,1,0,1,0,0,car_109
0,0,0,1,1,0,0,0,1,0,0,0,1,0,0,0,0,1,0,0,1,0,car_110
0,0,0,1,1,0,0,0,1,0,0,0,1,0,0,0,0,1,1,0,0,0,car_111
0,0,0,1,1,0,0,0,1,0,0,0,1,0,0,0,1,0,0,1,0,0,car_112
0,0,0,1,1,0,0,0,1,0,0,0,1,0,0,0,1,0,0,0,1,0,car_113
0,0,0,1,1,0,0,0,1,0,0,0,1,0,0,0,1,0,1,0,0,0,car_114
0,0,0,1,1,0,0,0,1,0,0,0,1,0,0,1,0,0,0,1,0,0,car_115
0,0,0,1,1,0,0,0,1,0,0,0,1,0,0,1,0,0,0,0,1,0,car_116
0,0,0,1,1,0,0,0,1,0,0,0,1,0,0,1,0,0,1,0,0,0,car_117
0,0,0,1,1,0,0,0,1,0,0,0,0,1,0,0,0,1,0,1,0,0,car_118
0,0,0,1,1,0,0,0,1,0,0,0,0,1,0,0,0,1,0,0,1,0,car_119
0,0,0,1,1,0,0,0,1,0,0,0,0,1,0,0,0,1,1,0,0,0,car_120
0,0,0,1,1,0,0,0,1,0,0,0,0,1,0,0,1,0,0,1,0,0,car_121
0,0,0,1,1,0,0,0,1,0,0,0,0,1,0,0,1,0,0,0,1,0,car_122
0,0,0,1,1,0,0,0,1,0,0,0,0,1,0,0,1,0,1,0,0,0,car_123
0,0,0,1,1,0,0,0,1,0,0,0,0,1,0,1,0,0,0,1,0,0,car_124
0,0,0,1,1,0,0,0,1,0,0,0,0,1,0,1,0,0,0,0,1,0,car_125
0,0,0,1,1,0,0,0,1,0,0,0,0,1,0,1,0,0,1,0,0,0,car_126
0,0,0,1,1,0,0,0,1,0,0,0,0,0,1,0,0,1,0,1,0,0,car_127
0,0,0,1,1,0,0,0,1,0,0,0,0,0,1,0,0,1,0,0,1,0,car_128
0,0,0,1,1,0,0,0,1,0,0,0,0,0,1,0,0,1,1,0,0,0,car_129
0,0,0,1,1,0,0,0,1,0,0,0,0,0,1,0,1,0,0,1,0,0,car_130
0,0,0,1,1,0,0,0,1,0,0,0,0,0,1,0,1,0,0,0,1,0,car_131
0,0,0,1,1,0,0,0,1,0,0,0,0,0,1,0,1,0,1,0,0,0,car_132
0,0,0,1,1,0,0,0,1,0,0,0,0,0,1,1,0,0,0,1,0,0,car_133
0,0,0,1,1,0,0,0,1,0,0,0,0,0,1,1,0,0,0,0,1,0,car_134
0,0,0,1,1,0,0,0,1,0,0,0,0,0,1,1,0,0,1,0,0,0,car_135
0,0,0,1,1,0,0,0,0,1,0,0,1,0,0,0,0,1,0,1,0,0,car_136
0,0,0,1,1,0,0,0,0,1,0,0,1,0,0,0,0,1,0,0,1,0,car_137
0,0,0,1,1,0,0,0,0,1,0,0,1,0,0,0,0,1,1,0,0,0,car_138
0,0,0,1,1,0,0,0,0,1,0,0,1,0,0,0,1,0,0,1,0,0,car_139
0,0,0,1,1,0,0,0,0,1,0,0,1,0,0,0,1,0,0,0,1,0,car_140
0,0,0,1,1,0,0,0,0,1,0,0,1,0,0,0,1,0,1,0,0,0,car_141
0,0,0,1,1,0,0,0,0,1,0,0,1,0,0,1,0,0,0,1,0,0,car_142
0,0,0,1,1,0,0,0,0,1,0,0,1,0,0,1,0,0,0,0,1,0,car_143
0,0,0,1,1,0,0,0,0,1,0,0,1,0,0,1,0,0,1,0,0,0,car_144
0,0,0,1,1,0,0,0,0,1,0,0,0,1,0,0,0,1,0,1,0,0,car_145
0,0,0,1,1,0,0,0,0,1,0,0,0,1,0,0,0,1,0,0,1,0,car_146
0,0,0,1,1,0,0,0,0,1,0,0,0,1,0,0,0,1,1,0,0,0,car_147
0,0,0,1,1,0,0,0,0,1,0,0,0,1,0,0,1,0,0,1,0,0,car_148
0,0,0,1,1,0,0,0,0,1,0,0,0,1,0,0,1,0,0,0,1,0,car_149
0,0,0,1,1,0,0,0,0,1,0,0,0,1,0,0,1,0,1,0,0,0,car_150
0,0,0,1,1,0,0,0,0,1,0,0,0,1,0,1,0,0,0,1,0,0,car_151
0,0,0,1,1,0,0,0,0,1,0,0,0,1,0,1,0,0,0,0,1,0,car_152
0,0,0,1,1,0,0,0,0,1,0,0,0,1,0,1,0,0,1,0,0,0,car_153
0,0,0,1,1,0,0,0,0,1,0,0,0,0,1,0,0,1,0,1,0,0,car_154
0,0,0,1,1,0,0,0,0,1,0,0,0,0,1,0,0,1,0,0,1,0,car_155
0,0,0,1,1,0,0,0,0,1,0,0,0,0,1,0,0,1,1,0,0,0,car_156
0,0,0,1,1,0,0,0,0,1,0,0,0,0,1,0,1,0,0,1,0,0,car_157
0,0,0,1,1,0,0,0,0,1,0,0,0,0,1,0,1,0,0,0,1,0,car_158
0,0,0,1,1,0,0,0,0,1,0,0,0,0,1,0,1,0,1,0,0,0,car_159
0,0,0,1,1,0,0,0,0,1,0,0,0,0,1,1,0,0,0,1,0,0,car_160
0,0,0,1,1,0,0,0,0,1,0,0,0,0,1,1,0,0,0,0,1,0,car_161
0,0,0,1,1,0,0,0,0,1,0,0,0,0,1,1,0,0,1,0,0,0,car_162
0,0,0,1,1,0,0,0,0,0,1,0,1,0,0,0,0,1,0,1,0,0,car_163
0,0,0,1,1,0,0,0,0,0,1,0,1,0,0,0,0,1,0,0,1,0,car_164
0,0,0,1,1,0,0,0,0,0,1,0,1,0,0,0,0,1,1,0,0,0,car_165
0,0,0,1,1,0,0,0,0,0,1,0,1,0,0,0,1,0,0,1,0,0,car_166
0,0,0,1,1,0,0,0,0,0,1,0,1,0,0,0,1,0,0,0,1,0,car_167
0,0,0,1,1,0,0,0,0,0,1,0,1,0,0,0,1,0,1,0,0,0,car_168
0,0,0,1,1,0,0,0,0,0,1,0,1,0,0,1,0,0,0,1,0,0,car_169
0,0,0,1,1,0,0,0,0,0,1,0,1,0,0,1,0,0,0,0,1,0,car_170
0,0,0,1,1,0,0,0,0,0,1,0,1,0,0,1,0,0,1,0,0,0,car_171
0,0,0,1,1,0,0,0,0,0,1,0,0,1,0,0,0,1,0,1,0,0,car_172
0,0,0,1,1,0,0,0,0,0,1,0,0,1,0,0,0,1,0,0,1,0,car_173
0,0,0,1,1,0,0,0,0,0,1,0,0,1,0,0,0,1,1,0,0,0,car_174
0,0,0,1,1,0,0,0,0,0,1,0,0,1,0,0,1,0,0,1,0,0,car_175
0,0,0,1,1,0,0,0,0,0,1,0,0,1,0,0,1,0,0,0,1,0,car_176
0,0,0,1,1,0,0,0,0,0,1,0,0,1,0,0,1,0,1,0,0,0,car_177
0,0,0,1,1,0,0,0,0,0,1,0,0,1,0,1,0,0,0,1,0,0,car_178
0,0,0,1,1,0,0,0,0,0,1,0,0,1,0,1,0,0,0,0,1,0,car_179
0,0,0,1,1,0,0,0,0,0,1,0,0,1,0,1,0,0,1,0,0,0,car_180
0,0,0,1,1,0,0,0,0,0,1,0,0,0,1,0,0,1,0,1,0,0,car_181
0,0,0,1,1,0,0,0,0,0,1,0,0,0,1,0,0,1,0,0,1,0,car_182
0,0,0,1,1,0,0,0,0,0,1,0,0,0,1,0,0,1,1,0,0,0,car_183
0,0,0,1,1,0,0,0,0,0,1,0,0,0,1,0,1,0,0,1,0,0,car_184
0,0,0,1,1,0,0,0,0,0,1,0,0,0,1,0,1,0,0,0,1,0,car_185
0,0,0,1,1,0,0,0,0,0,1,0,0,0,1,0,1,0,1,0,0,0,car_186
0,0,0,1,1,0,0,0,0,0,1,0,0,0,1,1,0,0,0,1,0,0,car_187
0,0,0,1,1,0,0,0,0,0,1,0,0,0,1,1,0,0,0,0,1,0,car_188
0,0,0,1,1,0,0,0,0,0,1,0,0,0,1,1,0,0,1,0,0,0,car_189
0,0,0,1,1,0,0,0,0,0,0,1,1,0,0,0,0,1,0,1,0,0,car_190
0,0,0,1,1,0,0,0,0,0,0,1,1,0,0,0,0,1,0,0,1,0,car_191
0,0,0,1,1,0,0,0,0,0,0,1,1,0,0,0,0,1,1,0,0,0,car_192
0,0,0,1,1,0,0,0,0,0,0,1,1,0,0,0,1,0,0,1,0,0,car_193
0,0,0,1,1,0,0,0,0,0,0,1,1,0,0,0,1,0,0,0,1,0,car_194
0,0,0,1,1,0,0,0,0,0,0,1,1,0,0,0,1,0,1,0,0,0,car_195
0,0,0,1,1,0,0,0,0,0,0,1,1,0,0,1,0,0,0,1,0,0,car_196
0,0,0,1,1,0,0,0,0,0,0,1,1,0,0,1,0,0,0,0,1,0,car_197
0,0,0,1,1,0,0,0,0,0,0,1,1,0,0,1,0,0,1,0,0,0,car_198
0,0,0,1,1,0,0,0,0,0,0,1,0,1,0,0,0,1,0,1,0,0,car_199
0,0,0,1,1,0,0,0,0,0,0,1,0,1,0,0,0,1,0,0,1,0,car_200
0,0,0,1,1,0,0,0,0,0,0,1,0,1,0,0,0,1,1,0,0,0,car_201
0,0,0,1,1,0,0,0,0,0,0,1,0,1,0,0,1,0,0,1,0,0,car_202
0,0,0,1,1,0,0,0,0,0,0,1,0,1,0,0,1,0,0,0,1,0,car_203
0,0,0,1,1,0,0,0,0,0,0,1,0,1,0,0,1,0,1,0,0,0,car_204
0,0,0,1,1,0,0,0,0,0,0,1,0,1,0,1,0,0,0,1,0,0,car_205
0,0,0,1,1,0,0,0,0,0,0,1,0,1,0,1,0,0,0,0,1,0,car_206
0,0,0,1,1,0,0,0,0,0,0,1,0,1,0,1,0,0,1,0,0,0,car_207
0,0,0,1,1,0,0,0,0,0,0,1,0,0,1,0,0,1,0,1,0,0,car_208
0,0,0,1,1,0,0,0,0,0,0,1,0,0,1,0,0,1,0,0,1,0,car_209
0,0,0,1,1,0,0,0,0,0,0,1,0,0,1,0,0,1,1,0,0,0,car_210
0,0,0,1,1,0,0,0,0,0,0,1,0,0,1,0,1,0,0,1,0,0,car_211
0,0,0,1,1,0,0,0,0,0,0,1,0,0,1,0,1,0,0,0,1,0,car_212
0,0,0,1,1,0,0,0,0,0,0,1,0,0,1,0,1,0,1,0,0,0,car_213
0,0,0,1,1,0,0,0,0,0,0,1,0,0,1,1,0,0,0,1,0,0,car_214
0,0,0,1,1,0,0,0,0,0,0,1,0,0,1,1,0,0,0,0,1,0,car_215
0,0,0,1,1,0,0,0,0,0,0,1,0,0,1,1,0,0,1,0,0,0,car_216
0,0,0,1,0,0,1,0,1,0,0,0,1,0,0,0,0,1,0,1,0,0,car_217
0,0,0,1,0,0,1,0,1,0,0,0,1,0,0,0,0,1,0,0,1,0,car_218
0,0,0,1,0,0,1,0,1,0,0,0,1,0,0,0,0,1,1,0,0,0,car_219
0,0,0,1,0,0,1,0,1,0,0,0,1,0,0,0,1,0,0,1,0,0,car_220
0,0,0,1,0,0,1,0,1,0,0,0,1,0,0,0,1,0,0,0,1,0,car_221
0,0,0,1,0,0,1,0,1,0,0,0,1,0,0,0,1,0,1,0,0,0,car_222
0,0,0,1,0,0,1,0,1,0,0,0,1,0,0,1,0,0,0,1,0,0,car_223
0,0,0,1,0,0,1,0,1,0,0,0,1,0,0,1,0,0,0,0,1,0,car_224
0,0,0,1,0,0,1,0,1,0,0,0,1,0,0,1,0,0,1,0,0,0,car_225
0,0,0,1,0,0,1,0,1,0,0,0,0,1,0,0,0,1,0,1,0,0,car_226
0,0,0,1,0,0,1,0,1,0,0,0,0,1,0,0,0,1,0,0,1,0,car_227
0,0,0,1,0,0,1,0,1,0,0,0,0,1,0,0,0,1,1,0,0,1,car_228
0,0,0,1,0,0,1,0,1,0,0,0,0,1,0,0,1,0,0,1,0,0,car_229
0,0,0,1,0,0,1,0,1,0,0,0,0,1,0,0,1,0,0,0,1,0,car_230
0,0,0,1,0,0,1,0,1,0,0,0,0,1,0,0,1,0,1,0,0,1,car_231
0,0,0,1,0,0,1,0,1,0,0,0,0,1,0,1,0,0,0,1,0,0,car_232
0,0,0,1,0,0,1,0,1,0,0,0,0,1,0,1,0,0,0,0,1,1,car_233
0,0,0,1,0,0,1,0,1,0,0,0,0,1,0,1,0,0,1,0,0,1,car_234
0,0,0,1,0,0,1,0,1,0,0,0,0,0,1,0,0,1,0,1,0,0,car_235
0,0,0,1,0,0,1,0,1,0,0,0,0,0,1,0,0,1,0,0,1,0,car_236
0,0,0,1,0,0,1,0,1,0,0,0,0,0,1,0,0,1,1,0,0,0,car_237
0,0,0,1,0,0,1,0,1,0,0,0,0,0,1,0,1,0,0,1,0,0,car_238
0,0,0,1,0,0,1,0,1,0,0,0,0,0,1,0,1,0,0,0,1,0,car_239
0,0,0,1,0,0,1,0,1,0,0,0,0,0,1,0,1,0,1,0,0,1,car_240
0,0,0,1,0,0,1,0,1,0,0,0,0,0,1,1,0,0,0,1,0,0,car_241
0,0,0,1,0,0,1,0,1,0,0,0,0,0,1,1,0,0,0,0,1,1,car_242
0,0,0,1,0,0,1,0,1,0,0,0,0,0,1,1,0,0,1,0,0,1,car_243
0,0,0,1,0,0,1,0,0,1,0,0,1,0,0,0,0,1,0,1,0,0,car_244
0,0,0,1,0,0,1,0,0,1,0,0,1,0,0,0,0,1,0,0,1,0,car_245
0,0,0,1,0,0,1,0,0,1,0,0,1,0,0,0,0,1,1,0,0,0,car_246
0,0,0,1,0,0,1,0,0,1,0,0,1,0,0,0,1,0,0,1,0,0,car_247
0,0,0,1,0,0,1,0,0,1,0,0,1,0,0,0,1,0,0,0,1,0,car_248
0,0,0,1,0,0,1,0,0,1,0,0,1,0,0,0,1,0,1,0,0,0,car_249
0,0,0,1,0,0,1,0,0,1,0,0,1,0,0,1,0,0,0,1,0,0,car_250
0,0,0,1,0,0,1,0,0,1,0,0,1,0,0,1,0,0,0,0,1,0,car_251
0,0,0,1,0,0,1,0,0,1,0,0,1,0,0,1,0,0,1,0,0,0,car_252
0,0,0,1,0,0,1,0,0,1,0,0,0,1,0,0,0,1,0,1,0,0,car_253
0,0,0,1,0,0,1,0,0,1,0,0,0,1,0,0,0,1,0,0,1,0,car_254
0,0,0,1,0,0,1,0,0,1,0,0,0,1,0,0,0,1,1,0,0,1,car_255
0,0,0,1,0,0,1,0,0,1,0,0,0,1,0,0,1,0,0,1,0,0,car_256
0,0,0,1,0,0,1,0,0,1,0,0,0,1,0,0,1,0,0,0,1,0,car_257
0,0,0,1,0,0,1,0,0,1,0,0,0,1,0,0,1,0,1,0,0,1,car_258
0,0,0,1,0,0,1,0,0,1,0,0,0,1,0,1,0,0,0,1,0,0,car_259
0,0,0,1,0,0,1,0,0,1,0,0,0,1,0,1,0,0,0,0,1,1,car_260
0,0,0,1,0,0,1,0,0,1,0,0,0,1,0,1,0,0,1,0,0,1,car_261
0,0,0,1,0,0,1,0,0,1,0,0,0,0,1,0,0,1,0,1,0,0,car_262
0,0,0,1,0,0,1,0,0,1,0,0,0,0,1,0,0,1,0,0,1,0,car_263
0,0,0,1,0,0,1,0,0,1,0,0,0,0,1,0,0,1,1,0,0,1,car_264
0,0,0,1,0,0,1,0,0,1,0,0,0,0,1,0,1,0,0,1,0,0,car_265
0,0,0,1,0,0,1,0,0,1,0,0,0,0,1,0,1,0,0,0,1,1,car_266
0,0,0,1,0,0,1,0,0,1,0,0,0,0,1,0,1,0,1,0,0,1,car_267
0,0,0,1,0,0,1,0,0,1,0,0,0,0,1,1,0,0,0,1,0,0,car_268
0,0,0,1,0,0,1,0,0,1,0,0,0,0,1,1,0,0,0,0,1,1,car_269
0,0,0,1,0,0,1,0,0,1,0,0,0,0,1,1,0,0,1,0,0,1,car_270
0,0,0,1,0,0,1,0,0,0,1,0,1,0,0,0,0,1,0,1,0,0,car_271
0,0,0,1,0,0,1,0,0,0,1,0,1,0,0,0,0,1,0,0,1,0,car_272
0,0,0,1,0,0,1,0,0,0,1,0,1,0,0,0,0,1,1,0,0,0,car_273
0,0,0,1,0,0,1,0,0,0,1,0,1,0,0,0,1,0,0,1,0,0,car_274
0,0,0,1,0,0,1,0,0,0,1,0,1,0,0,0,1,0,0,0,1,0,car_275
0,0,0,1,0,0,1,0,0,0,1,0,1,0,0,0,1,0,1,0,0,0,car_276
0,0,0,1,0,0,1,0,0,0,1,0,1,0,0,1,0,0,0,1,0,0,car_277
0,0,0,1,0,0,1,0,0,0,1,0,1,0,0,1,0,0,0,0,1,0,car_278
0,0,0,1,0,0,1,0,0,0,1,0,1,0,0,1,0,0,1,0,0,0,car_279
0,0,0,1,0,0,1,0,0,0,1,0,0,1,0,0,0,1,0,1,0,0,car_280
0,0,0,1,0,0,1,0,0,0,1,0,0,1,0,0,0,1,0,0,1,0,car_281
0,0,0,1,0,0,1,0,0,0,1,0,0,1,0,0,0,1,1,0,0,1,car_282
0,0,0,1,0,0,1,0,0,0,1,0,0,1,0,0,1,0,0,1,0,0,car_283
0,0,0,1,0,0,1,0,0,0,1,0,0,1,0,0,1,0,0,0,1,1,car_284
0,0,0,1,0,0,1,0,0,0,1,0,0,1,0,0,1,0,1,0,0,1,car_285
0,0,0,1,0,0,1,0,0,0,1,0,0,1,0,1,0,0,0,1,0,0,car_286
0,0,0,1,0,0,1,0,0,0,1,0,0,1,0,1,0,0,0,0,1,1,car_287
0,0,0,1,0,0,1,0,0,0,1,0,0,1,0,1,0,0,1,0,0,1,car_288
0,0,0,1,0,0,1,0,0,0,1,0,0,0,1,0,0,1,0,1,0,0,car_289
0,0,0,1,0,0,1,0,0,0,1,0,0,0,1,0,0,1,0,0,1,0,car_290
0,0,0,1,0,0,1,0,0,0,1,0,0,0,1,0,0,1,1,0,0,1,car_291
0,0,0,1,0,0,1,0,0,0,1,0,0,0,1,0,1,0,0,1,0,0,car_292
0,0,0,1,0,0,1,0,0,0,1,0,0,0,1,0,1,0,0,0,1,1,car_293
0,0,0,1,0,0,1,0,0,0,1,0,0,0,1,0,1,0,1,0,0,1,car_294
0,0,0,1,0,0,1,0,0,0,1,0,0,0,1,1,0,0,0,1,0,0,car_295
0,0,0,1,0,0,1,0,0,0,1,0,0,0,1,1,0,0,0,0,1,1,car_296
0,0,0,1,0,0,1,0,0,0,1,0,0,0,1,1,0,0,1,0,0,1,car_297
0,0,0,1,0,0,1,0,0,0,0,1,1,0,0,0,0,1,0,1,0,0,car_298
0,0,0,1,0,0,1,0,0,0,0,1,1,0,0,0,0,1,0,0,1,0,car_299
0,0,0,1,0,0,1,0,0,0,0,1,1,0,0,0,0,1,1,0,0,0,car_300
0,0,0,1,0,0,1,0,0,0,0,1,1,0,0,0,1,0,0,1,0,0,car_301
0,0,0,1,0,0,1,0,0,0,0,1,1,0,0,0,1,0,0,0,1,0,car_302
0,0,0,1,0,0,1,0,0,0,0,1,1,0,0,0,1,0,1,0,0,0,car_303
0,0,0,1,0,0,1,0,0,0,0,1,1,0,0,1,0,0,0,1,0,0,car_304
0,0,0,1,0,0,1,0,0,0,0,1,1,0,0,1,0,0,0,0,1,0,car_305
0,0,0,1,0,0,1,0,0,0,0,1,1,0,0,1,0,0,1,0,0,0,car_306
0,0,0,1,0,0,1,0,0,0,0,1,0,1,0,0,0,1,0,1,0,0,car_307
0,0,0,1,0,0,1,0,0,0,0,1,0,1,0,0,0,1,0,0,1,0,car_308
0,0,0,1,0,0,1,0,0,0,0,1,0,1,0,0,0,1,1,0,0,1,car_309
0,0,0,1,0,0,1,0,0,0,0,1,0,1,0,0,1,0,0,1,0,0,car_310
0,0,0,1,0,0,1,0,0,0,0,1,0,1,0,0,1,0,0,0,1,1,car_311
0,0,0,1,0,0,1,0,0,0,0,1,0,1,0,0,1,0,1,0,0,1,car_312
0,0,0,1,0,0,1,0,0,0,0,1,0,1,0,1,0,0,0,1,0,0,car_313
0,0,0,1,0,0,1,0,0,0,0,1,0,1,0,1,0,0,0,0,1,1,car_314
0,0,0,1,0,0,1,0,0,0,0,1,0,1,0,1,0,0,1,0,0,1,car_315
0,0,0,1,0,0,1,0,0,0,0,1,0,0,1,0,0,1,0,1,0,0,car_316
0,0,0,1,0,0,1,0,0,0,0,1,0,0,1,0,0,1,0,0,1,0,car_317
0,0,0,1,0,0,1,0,0,0,0,1,0,0,1,0,0,1,1,0,0,1,car_318
0,0,0,1,0,0,1,0,0,0,0,1,0,0,1,0,1,0,0,1,0,0,car_319
0,0,0,1,0,0,1,0,0,0,0,1,0,0,1,0,1,0,0,0,1,1,car_320
0,0,0,1,0,0,1,0,0,0,0,1,0,0,1,0,1,0,1,0,0,1,car_321
0,0,0,1,0,0,1,0,0,0,0,1,0,0,1,1,0,0,0,1,0,0,car_322
0,0,0,1,0,0,1,0,0,0,0,1,0,0,1,1,0,0,0,0,1,1,car_323
0,0,0,1,0,0,1,0,0,0,0,1,0,0,1,1,0,0,1,0,0,1,car_324
0,0,0,1,0,1,0,0,1,0,0,0,1,0,0,0,0,1,0,1,0,0,car_325
0,0,0,1,0,1,0,0,1,0,0,0,1,0,0,0,0,1,0,0,1,0,car_326
0,0,0,1,0,1,0,0,1,0,0,0,1,0,0,0,0,1,1,0,0,0,car_327
0,0,0,1,0,1,0,0,1,0,0,0,1,0,0,0,1,0,0,1,0,0,car_328
0,0,0,1,0,1,0,0,1,0,0,0,1,0,0,0,1,0,0,0,1,0,car_329
0,0,0,1,0,1,0,0,1,0,0,0,1,0,0,0,1,0,1,0,0,0,car_330
0,0,0,1,0,1,0,0,1,0,0,0,1,0,0,1,0,0,0,1,0,0,car_331
0,0,0,1,0,1,0,0,1,0,0,0,1,0,0,1,0,0,0,0,1,0,car_332
0,0,0,1,0,1,0,0,1,0,0,0,1,0,0,1,0,0,1,0,0,0,car_333
0,0,0,1,0,1,0,0,1,0,0,0,0,1,0,0,0,1,0,1,0,0,car_334
0,0,0,1,0,1,0,0,1,0,0,0,0,1,0,0,0,1,0,0,1,0,car_335
0,0,0,1,0,1,0,0,1,0,0,0,0,1,0,0,0,1,1,0,0,1,car_336
0,0,0,1,0,1,0,0,1,0,0,0,0,1,0,0,1,0,0,1,0,0,car_337
0,0,0,1,0,1,0,0,1,0,0,0,0,1,0,0,1,0,0,0,1,0,car_338
0,0,0,1,0,1,0,0,1,0,0,0,0,1,0,0,1,0,1,0,0,1,car_339
0,0,0,1,0,1,0,0,1,0,0,0,0,1,0,1,0,0,0,1,0,0,car_340
0,0,0,1,0,1,0,0,1,0,0,0,0,1,0,1,0,0,0,0,1,1,car_341
0,0,0,1,0,1,0,0,1,0,0,0,0,1,0,1,0,0,1,0,0,1,car_342
0,0,0,1,0,1,0,0,1,0,0,0,0,0,1,0,0,1,0,1,0,0,car_343
0,0,0,1,0,1,0,0,1,0,0,0,0,0,1,0,0,1,0,0,1,0,car_344
0,0,0,1,0,1,0,0,1,0,0,0,0,0,1,0,0,1,1,0,0,0,car_345
0,0,0,1,0,1,0,0,1,0,0,0,0,0,1,0,1,0,0,1,0,0,car_346
0,0,0,1,0,1,0,0,1,0,0,0,0,0,1,0,1,0,0,0,1,0,car_347
0,0,0,1,0,1,0,0,1,0,0,0,0,0,1,0,1,0,1,0,0,1,car_348
0,0,0,1,0,1,0,0,1,0,0,0,0,0,1,1,0,0,0,1,0,0,car_349
0,0,0,1,0,1,0,0,1,0,0,0,0,0,1,1,0,0,0,0,1,1,car_350
0,0,0,1,0,1,0,0,1,0,0,0,0,0,1,1,0,0,1,0,0,1,car_351
0,0,0,1,0,1,0,0,0,1,0,0,1,0,0,0,0,1,0,1,0,0,car_352
0,0,0,1,0,1,0,0,0,1,0,0,1,0,0,0,0,1,0,0,1,0,car_353
0,0,0,1,0,1,0,0,0,1,0,0,1,0,0,0,0,1,1,0,0,0,car_354
0,0,0,1,0,1,0,0,0,1,0,0,1,0,0,0,1,0,0,1,0,0,car_355
0,0,0,1,0,1,0,0,0,1,0,0,1,0,0,0,1,0,0,0,1,0,car_356
0,0,0,1,0,1,0,0,0,1,0,0,1,0,0,0,1,0,1,0,0,0,car_357
0,0,0,1,0,1,0,0,0,1,0,0,1,0,0,1,0,0,0,1,0,0,car_358
0,0,0,1,0,1,0,0,0,1,0,0,1,0,0,1,0,0,0,0,1,0,car_359
0,0,0,1,0,1,0,0,0,1,0,0,1,0,0,1,0,0,1,0,0,0,car_360
0,0,0,1,0,1,0,0,0,1,0,0,0,1,0,0,0,1,0,1,0,0,car_361
0,0,0,1,0,1,0,0,0,1,0,0,0,1,0,0,0,1,0,0,1,0,car_362
0,0,0,1,0,1,0,0,0,1,0,0,0,1,0,0,0,1,1,0,0,1,car_363
0,0,0,1,0,1,0,0,0,1,0,0,0,1,0,0,1,0,0,1,0,0,car_364
0,0,0,1,0,1,0,0,0,1,0,0,0,1,0,0,1,0,0,0,1,0,car_365
0,0,0,1,0,1,0,0,0,1,0,0,0,1,0,0,1,0,1,0,0,1,car_366
0,0,0,1,0,1,0,0,0,1,0,0,0,1,0,1,0,0,0,1,0,0,car_367
0,0,0,1,0,1,0,0,0,1,0,0,0,1,0,1,0,0,0,0,1,1,car_368
0,0,0,1,0,1,0,0,0,1,0,0,0,1,0,1,0,0,1,0,0,1,car_369
0,0,0,1,0,1,0,0,0,1,0,0,0,0,1,0,0,1,0,1,0,0,car_370
0,0,0,1,0,1,0,0,0,1,0,0,0,0,1,0,0,1,0,0,1,0,car_371
0,0,0,1,0,1,0,0,0,1,0,0,0,0,1,0,0,1,1,0,0,1,car_372
0,0,0,1,0,1,0,0,0,1,0,0,0,0,1,0,1,0,0,1,0,0,car_373
0,0,0,1,0,1,0,0,0,1,0,0,0,0,1,0,1,0,0,0,1,1,car_374
0,0,0,1,0,1,0,0,0,1,0,0,0,0,1,0,1,0,1,0,0,1,car_375
0,0,0,1,0,1,0,0,0,1,0,0,0,0,1,1,0,0,0,1,0,0,car_376
0,0,0,1,0,1,0,0,0,1,0,0,0,0,1,1,0,0,0,0,1,1,car_377
0,0,0,1,0,1,0,0,0,1,0,0,0,0,1,1,0,0,1,0,0,1,car_378
0,0,0,1,0,1,0,0,0,0,1,0,1,0,0,0,0,1,0,1,0,0,car_379
0,0,0,1,0,1,0,0,0,0,1,0,1,0,0,0,0,1,0,0,1,0,car_380
0,0,0,1,0,1,0,0,0,0,1,0,1,0,0,0,0,1,1,0,0,0,car_381
0,0,0,1,0,1,0,0,0,0,1,0,1,0,0,0,1,0,0,1,0,0,car_382
0,0,0,1,0,1,0,0,0,0,1,0,1,0,0,0,1,0,0,0,1,0,car_383
0,0,0,1,0,1,0,0,0,0,1,0,1,0,0,0,1,0,1,0,0,0,car_384
0,0,0,1,0,1,0,0,0,0,1,0,1,0,0,1,0,0,0,1,0,0,car_385
0,0,0,1,0,1,0,0,0,0,1,0,1,0,0,1,0,0,0,0,1,0,car_386
0,0,0,1,0,1,0,0,0,0,1,0,1,0,0,1,0,0,1,0,0,0,car_387
0,0,0,1,0,1,0,0,0,0,1,0,0,1,0,0,0,1,0,1,0,0,car_388
0,0,0,1,0,1,0,0,0,0,1,0,0,1,0,0,0,1,0,0,1,0,car_389
0,0,0,1,0,1,0,0,0,0,1,0,0,1,0,0,0,1,1,0,0,1,car_390
0,0,0,1,0,1,0,0,0,0,1,0,0,1,0,0,1,0,0,1,0,0,car_391
0,0,0,1,0,1,0,0,0,0,1,0,0,1,0,0,1,0,0,0,1,1,car_392
0,0,0,1,0,1,0,0,0,0,1,0,0,1,0,0,1,0,1,0,0,1,car_393
0,0,0,1,0,1,0,0,0,0,1,0,0,1,0,1,0,0,0,1,0,0,car_394
0,0,0,1,0,1,0,0,0,0,1,0,0,1,0,1,0,0,0,0,1,1,car_395
0,0,0,1,0,1,0,0,0,0,1,0,0,1,0,1,0,0,1,0,0,1,car_396
0,0,0,1,0,1,0,0,0,0,1,0,0,0,1,0,0,1,0,1,0,0,car_397
0,0,0,1,0,1,0,0,0,0,1,0,0,0,1,0,0,1,0,0,1,0,car_398
0,0,0,1,0,1,0,0,0,0,1,0,0,0,1,0,0,1,1,0,0,1,car_399
0,0,0,1,0,1,0,0,0,0,1,0,0,0,1,0,1,0,0,1,0,0,car_400
0,0,0,1,0,1,0,0,0,0,1,0,0,0,1,0,1,0,0,0,1,1,car_401
0,0,0,1,0,1,0,0,0,0,1,0,0,0,1,0,1,0,1,0,0,1,car_402
0,0,0,1,0,1,0,0,0,0,1,0,0,0,1,1,0,0,0,1,0,0,car_403
0,0,0,1,0,1,0,0,0,0,1,0,0,0,1,1,0,0,0,0,1,1,car_404
0,0,0,1,0,1,0,0,0,0,1,0,0,0,1,1,0,0,1,0,0,1,car_405
0,0,0,1,0,1,0,0,0,0,0,1,1,0,0,0,0,1,0,1,0,0,car_406
0,0,0,1,0,1,0,0,0,0,0,1,1,0,0,0,0,1,0,0,1,0,car_407
0,0,0,1,0,1,0,0,0,0,0,1,1,0,0,0,0,1,1,0,0,0,car_408
0,0,0,1,0,1,0,0,0,0,0,1,1,0,0,0,1,0,0,1,0,0,car_409
0,0,0,1,0,1,0,0,0,0,0,1,1,0,0,0,1,0,0,0,1,0,car_410
0,0,0,1,0,1,0,0,0,0,0,1,1,0,0,0,1,0,1,0,0,0,car_411
0,0,0,1,0,1,0,0,0,0,0,1,1,0,0,1,0,0,0,1,0,0,car_412
0,0,0,1,0,1,0,0,0,0,0,1,1,0,0,1,0,0,0,0,1,0,car_413
0,0,0,1,0,1,0,0,0,0,0,1,1,0,0,1,0,0,1,0,0,0,car_414
0,0,0,1,0,1,0,0,0,0,0,1,0,1,0,0,0,1,0,1,0,0,car_415
0,0,0,1,0,1,0,0,0,0,0,1,0,1,0,0,0,1,0,0,1,0,car_416
0,0,0,1,0,1,0,0,0,0,0,1,0,1,0,0,0,1,1,0,0,1,car_417
0,0,0,1,0,1,0,0,0,0,0,1,0,1,0,0,1,0,0,1,0,0,car_418
0,0,0,1,0,1,0,0,0,0,0,1,0,1,0,0,1,0,0,0,1,1,car_419
0,0,0,1,0,1,0,0,0,0,0,1,0,1,0,0,1,0,1,0,0,1,car_420
0,0,0,1,0,1,0,0,0,0,0,1,0,1,0,1,0,0,0,1,0,0,car_421
0,0,0,1,0,1,0,0,0,0,0,1,0,1,0,1,0,0,0,0,1,1,car_422
0,0,0,1,0,1,0,0,0,0,0,1,0,1,0,1,0,0,1,0,0,1,car_423
0,0,0,1,0,1,0,0,0,0,0,1,0,0,1,0,0,1,0,1,0,0,car_424
0,0,0,1,0,1,0,0,0,0,0,1,0,0,1,0,0,1,0,0,1,0,car_425
0,0,0,1,0,1,0,0,0,0,0,1,0,0,1,0,0,1,1,0,0,1,car_426
0,0,0,1,0,1,0,0,0,0,0,1,0,0,1,0,1,0,0,1,0,0,car_427
0,0,0,1,0,1,0,0,0,0,0,1,0,0,1,0,1,0,0,0,1,1,car_428
0,0,0,1,0,1,0,0,0,0,0,1,0,0,1,0,1,0,1,0,0,1,car_429
0,0,0,1,0,1,0,0,0,0,0,1,0,0,1,1,0,0,0,1,0,0,car_430
0,0,0,1,0,1,0,0,0,0,0,1,0,0,1,1,0,0,0,0,1,1,car_431
0,0,0,1,0,1,0,0,0,0,0,1,0,0,1,1,0,0,1,0,0,1,car_432
1,0,0,0,0,0,0,1,1,0,0,0,1,0,0,0,0,1,0,1,0,0,car_433
1,0,0,0,0,0,0,1,1,0,0,0,1,0,0,0,0,1,0,0,1,0,car_434
1,0,0,0,0,0,0,1,1,0,0,0,1,0,0,0,0,1,1,0,0,0,car_435
1,0,0,0,0,0,0,1,1,0,0,0,1,0,0,0,1,0,0,1,0,0,car_436
1,0,0,0,0,0,0,1,1,0,0,0,1,0,0,0,1,0,0,0,1,0,car_437
1,0,0,0,0,0,0,1,1,0,0,0,1,0,0,0,1,0,1,0,0,0,car_438
1,0,0,0,0,0,0,1,1,0,0,0,1,0,0,1,0,0,0,1,0,0,car_439
1,0,0,0,0,0,0,1,1,0,0,0,1,0,0,1,0,0,0,0,1,0,car_440
1,0,0,0,0,0,0,1,1,0,0,0,1,0,0,1,0,0,1,0,0,0,car_441
1,0,0,0,0,0,0,1,1,0,0,0,0,1,0,0,0,1,0,1,0,0,car_442
1,0,0,0,0,0,0,1,1,0,0,0,0,1,0,0,0,1,0,0,1,0,car_443
1,0,0,0,0,0,0,1,1,0,0,0,0,1,0,0,0,1,1,0,0,0,car_444
1,0,0,0,0,0,0,1,1,0,0,0,0,1,0,0,1,0,0,1,0,0,car_445
1,0,0,0,0,0,0,1,1,0,0,0,0,1,0,0,1,0,0,0,1,0,car_446
1,0,0,0,0,0,0,1,1,0,0,0,0,1,0,0,1,0,1,0,0,0,car_447
1,0,0,0,0,0,0,1,1,0,0,0,0,1,0,1,0,0,0,1,0,0,car_448
1,0,0,0,0,0,0,1,1,0,0,0,0,1,0,1,0,0,0,0,1,0,car_449
1,0,0,0,0,0,0,1,1,0,0,0,0,1,0,1,0,0,1,0,0,0,car_450
1,0,0,0,0,0,0,1,1,0,0,0,0,0,1,0,0,1,0,1,0,0,car_451
1,0,0,0,0,0,0,1,1,0,0,0,0,0,1,0,0,1,0,0,1,0,car_452
1,0,0,0,0,0,0,1,1,0,0,0,0,0,1,0,0,1,1,0,0,0,car_453
1,0,0,0,0,0,0,1,1,0,0,0,0,0,1,0,1,0,0,1,0,0,car_454
1,0,0,0,0,0,0,1,1,0,0,0,0,0,1,0,1,0,0,0,1,0,car_455
1,0,0,0,0,0,0,1,1,0,0,0,0,0,1,0,1,0,1,0,0,0,car_456
1,0,0,0,0,0,0,1,1,0,0,0,0,0,1,1,0,0,0,1,0,0,car_457
1,0,0,0,0,0,0,1,1,0,0,0,0,0,1,1,0,0,0,0,1,0,car_458
1,0,0,0,0,0,0,1,1,0,0,0,0,0,1,1,0,0,1,0,0,0,car_459
1,0,0,0,0,0,0,1,0,1,0,0,1,0,0,0,0,1,0,1,0,0,car_460
1,0,0,0,0,0,0,1,0,1,0,0,1,0,0,0,0,1,0,0,1,0,car_461
1,0,0,0,0,0,0,1,0,1,0,0,1,0,0,0,0,1,1,0,0,0,car_462
1,0,0,0,0,0,0,1,0,1,0,0,1,0,0,0,1,0,0,1,0,0,car_463
1,0,0,0,0,0,0,1,0,1,0,0,1,0,0,0,1,0,0,0,1,0,car_464
1,0,0,0,0,0,0,1,0,1,0,0,1,0,0,0,1,0,1,0,0,0,car_465
1,0,0,0,0,0,0,1,0,1,0,0,1,0,0,1,0,0,0,1,0,0,car_466
1,0,0,0,0,0,0,1,0,1,0,0,1,0,0,1,0,0,0,0,1,0,car_467
1,0,0,0,0,0,0,1,0,1,0,0,1,0,0,1,0,0,1,0,0,0,car_468
1,0,0,0,0,0,0,1,0,1,0,0,0,1,0,0,0,1,0,1,0,0,car_469
1,0,0,0,0,0,0,1,0,1,0,0,0,1,0,0,0,1,0,0,1,0,car_470
1,0,0,0,0,0,0,1,0,1,0,0,0,1,0,0,0,1,1,0,0,0,car_471
1,0,0,0,0,0,0,1,0,1,0,0,0,1,0,0,1,0,0,1,0,0,car_472
1,0,0,0,0,0,0,1,0,1,0,0,0,1,0,0,1,0,0,0,1,0,car_473
1,0,0,0,0,0,0,1,0,1,0,0,0,1,0,0,1,0,1,0,0,0,car_474
1,0,0,0,0,0,0,1,0,1,0,0,0,1,0,1,0,0,0,1,0,0,car_475
1,0,0,0,0,0,0,1,0,1,0,0,0,1,0,1,0,0,0,0,1,0,car_476
1,0,0,0,0,0,0,1,0,1,0,0,0,1,0,1,0,0,1,0,0,0,car_477
1,0,0,0,0,0,0,1,0,1,0,0,0,0,1,0,0,1,0,1,0,0,car_478
1,0,0,0,0,0,0,1,0,1,0,0,0,0,1,0,0,1,0,0,1,0,car_479
1,0,0,0,0,0,0,1,0,1,0,0,0,0,1,0,0,1,1,0,0,0,car_480
1,0,0,0,0,0,0,1,0,1,0,0,0,0,1,0,1,0,0,1,0,0,car_481
1,0,0,0,0,0,0,1,0,1,0,0,0,0,1,0,1,0,0,0,1,0,car_482
1,0,0,0,0,0,0,1,0,1,0,0,0,0,1,0,1,0,1,0,0,0,car_483
1,0,0,0,0,0,0,1,0,1,0,0,0,0,1,1,0,0,0,1,0,0,car_484
1,0,0,0,0,0,0,1,0,1,0,0,0,0,1,1,0,0,0,0,1,0,car_485
1,0,0,0,0,0,0,1,0,1,0,0,0,0,1,1,0,0,1,0,0,0,car_486
1,0,0,0,0,0,0,1,0,0,1,0,1,0,0,0,0,1,0,1,0,0,car_487
1,0,0,0,0,0,0,1,0,0,1,0,1,0,0,0,0,1,0,0,1,0,car_488
1,0,0,0,0,0,0,1,0,0,1,0,1,0,0,0,0,1,1,0,0,0,car_489
1,0,0,0,0,0,0,1,0,0,1,0,1,0,0,0,1,0,0,1,0,0,car_490
1,0,0,0,0,0,0,1,0,0,1,0,1,0,0,0,1,0,0,0,1,0,car_491
1,0,0,0,0,0,0,1,0,0,1,0,1,0,0,0,1,0,1,0,0,0,car_492
1,0,0,0,0,0,0,1,0,0,1,0,1,0,0,1,0,0,0,1,0,0,car_493
1,0,0,0,0,0,0,1,0,0,1,0,1,0,0,1,0,0,0,0,1,0,car_494
1,0,0,0,0,0,0,1,0,0,1,0,1,0,0,1,0,0,1,0,0,0,car_495
1,0,0,0,0,0,0,1,0,0,1,0,0,1,0,0,0,1,0,1,0,0,car_496
1,0,0,0,0,0,0,1,0,0,1,0,0,1,0,0,0,1,0,0,1,0,car_497
1,0,0,0,0,0,0,1,0,0,1,0,0,1,0,0,0,1,1,0,0,0,car_498
1,0,0,0,0,0,0,1,0,0,1,0,0,1,0,0,1,0,0,1,0,0,car_499
1,0,0,0,0,0,0,1,0,0,1,0,0,1,0,0,1,0,0,0,1,0,car_500
1,0,0,0,0,0,0,1,0,0,1,0,0,1,0,0,1,0,1,0,0,0,car_501
1,0,0,0,0,0,0,1,0,0,1,0,0,1,0,1,0,0,0,1,0,0,car_502
1,0,0,0,0,0,0,1,0,0,1,0,0,1,0,1,0,0,0,0,1,0,car_503
1,0,0,0,0,0,0,1,0,0,1,0,0,1,0,1,0,0,1,0,0,0,car_504
1,0,0,0,0,0,0,1,0,0,1,0,0,0,1,0,0,1,0,1,0,0,car_505
1,0,0,0,0,0,0,1,0,0,1,0,0,0,1,0,0,1,0,0,1,0,car_506
1,0,0,0,0,0,0,1,0,0,1,0,0,0,1,0,0,1,1,0,0,0,car_507
1,0,0,0,0,0,0,1,0,0,1,0,0,0,1,0,1,0,0,1,0,0,car_508
1,0,0,0,0,0,0,1,0,0,1,0,0,0,1,0,1,0,0,0,1,0,car_509
1,0,0,0,0,0,0,1,0,0,1,0,0,0,1,0,1,0,1,0,0,0,car_510
1,0,0,0,0,0,0,1,0,0,1,0,0,0,1,1,0,0,0,1,0,0,car_511
1,0,0,0,0,0,0,1,0,0,1,0,0,0,1,1,0,0,0,0,1,0,car_512
1,0,0,0,0,0,0,1,0,0,1,0,0,0,1,1,0,0,1,0,0,0,car_513
1,0,0,0,0,0,0,1,0,0,0,1,1,0,0,0,0,1,0,1,0,0,car_514
1,0,0,0,0,0,0,1,0,0,0,1,1,0,0,0,0,1,0,0,1,0,car_515
1,0,0,0,0,0,0,1,0,0,0,1,1,0,0,0,0,1,1,0,0,0,car_516
1,0,0,0,0,0,0,1,0,0,0,1,1,0,0,0,1,0,0,1,0,0,car_517
1,0,0,0,0,0,0,1,0,0,0,1,1,0,0,0,1,0,0,0,1,0,car_518
1,0,0,0,0,0,0,1,0,0,0,1,1,0,0,0,1,0,1,0,0,0,car_519
1,0,0,0,0,0,0,1,0,0,0,1,1,0,0,1,0,0,0,1,0,0,car_520
1,0,0,0,0,0,0,1,0,0,0,1,1,0,0,1,0,0,0,0,1,0,car_521
1,0,0,0,0,0,0,1,0,0,0,1,1,0,0,1,0,0,1,0,0,0,car_522
1,0,0,0,0,0,0,1,0,0,0,1,0,1,0,0,0,1,0,1,0,0,car_523
1,0,0,0,0,0,0,1,0,0,0,1,0,1,0,0,0,1,0,0,1,0,car_524
1,0,0,0,0,0,0,1,0,0,0,1,0,1,0,0,0,1,1,0,0,0,car_525
1,0,0,0,0,0,0,1,0,0,0,1,0,1,0,0,1,0,0,1,0,0,car_526
1,0,0,0,0,0,0,1,0,0,0,1,0,1,0,0,1,0,0,0,1,0,car_527
1,0,0,0,0,0,0,1,0,0,0,1,0,1,0,0,1,0,1,0,0,0,car_528
1,0,0,0,0,0,0,1,0,0,0,1,0,1,0,1,0,0,0,1,0,0,car_529
1,0,0,0,0,0,0,1,0,0,0,1,0,1,0,1,0,0,0,0,1,0,car_530
1,0,0,0,0,0,0,1,0,0,0,1,0,1,0,1,0,0,1,0,0,0,car_531
1,0,0,0,0,0,0,1,0,0,0,1,0,0,1,0,0,1,0,1,0,0,car_532
1,0,0,0,0,0,0,1,0,0,0,1,0,0,1,0,0,1,0,0,1,0,car_533
1,0,0,0,0,0,0,1,0,0,0,1,0,0,1,0,0,1,1,0,0,0,car_534
1,0,0,0,0,0,0,1,0,0,0,1,0,0,1,0,1,0,0,1,0,0,car_535
1,0,0,0,0,0,0,1,0,0,0,1,0,0,1,0,1,0,0,0,1,0,car_536
1,0,0,0,0,0,0,1,0,0,0,1,0,0,1,0,1,0,1,0,0,0,car_537
1,0,0,0,0,0,0,1,0,0,0,1,0,0,1,1,0,0,0,1,0,0,car_538
1,0,0,0,0,0,0,1,0,0,0,1,0,0,1,1,0,0,0,0,1,0,car_539
1,0,0,0,0,0,0,1,0,0,0,1,0,0,1,1,0,0,1,0,0,0,car_540
1,0,0,0,1,0,0,0,1,0,0,0,1,0,0,0,0,1,0,1,0,0,car_541
1,0,0,0,1,0,0,0,1,0,0,0,1,0,0,0,0,1,0,0,1,0,car_542
1,0,0,0,1,0,0,0,1,0,0,0,1,0,0,0,0,1,1,0,0,0,car_543
1,0,0,0,1,0,0,0,1,0,0,0,1,0,0,0,1,0,0,1,0,0,car_544
1,0,0,0,1,0,0,0,1,0,0,0,1,0,0,0,1,0,0,0,1,0,car_545
1,0,0,0,1,0,0,0,1,0,0,0,1,0,0,0,1,0,1,0,0,0,car_546
1,0,0,0,1,0,0,0,1,0,0,0,1,0,0,1,0,0,0,1,0,0,car_547
1,0,0,0,1,0,0,0,1,0,0,0,1,0,0,1,0,0,0,0,1,0,car_548
1,0,0,0,1,0,0,0,1,0,0,0,1,0,0,1,0,0,1,0,0,0,car_549
1,0,0,0,1,0,0,0,1,0,0,0,0,1,0,0,0,1,0,1,0,0,car_550
1,0,0,0,1,0,0,0,1,0,0,0,0,1,0,0,0,1,0,0,1,0,car_551
1,0,0,0,1,0,0,0,1,0,0,0,0,1,0,0,0,1,1,0,0,1,car_552
1,0,0,0,1,0,0,0,1,0,0,0,0,1,0,0,1,0,0,1,0,0,car_553
1,0,0,0,1,0,0,0,1,0,0,0,0,1,0,0,1,0,0,0,1,0,car_554
1,0,0,0,1,0,0,0,1,0,0,0,0,1,0,0,1,0,1,0,0,1,car_555
1,0,0,0,1,0,0,0,1,0,0,0,0,1,0,1,0,0,0,1,0,0,car_556
1,0,0,0,1,0,0,0,1,0,0,0,0,1,0,1,0,0,0,0,1,1,car_557
1,0,0,0,1,0,0,0,1,0,0,0,0,1,0,1,0,0,1,0,0,1,car_558
1,0,0,0,1,0,0,0,1,0,0,0,0,0,1,0,0,1,0,1,0,0,car_559
1,0,0,0,1,0,0,0,1,0,0,0,0,0,1,0,0,1,0,0,1,0,car_560
1,0,0,0,1,0,0,0,1,0,0,0,0,0,1,0,0,1,1,0,0,0,car_561
1,0,0,0,1,0,0,0,1,0,0,0,0,0,1,0,1,0,0,1,0,0,car_562
1,0,0,0,1,0,0,0,1,0,0,0,0,0,1,0,1,0,0,0,1,0,car_563
1,0,0,0,1,0,0,0,1,0,0,0,0,0,1,0,1,0,1,0,0,1,car_564
1,0,0,0,1,0,0,0,1,0,0,0,0,0,1,1,0,0,0,1,0,0,car_565
1,0,0,0,1,0,0,0,1,0,0,0,0,0,1,1,0,0,0,0,1,1,car_566
1,0,0,0,1,0,0,0,1,0,0,0,0,0,1,1,0,0,1,0,0,1,car_567
1,0,0,0,1,0,0,0,0,1,0,0,1,0,0,0,0,1,0,1,0,0,car_568
1,0,0,0,1,0,0,0,0,1,0,0,1,0,0,0,0,1,0,0,1,0,car_569
1,0,0,0,1,0,0,0,0,1,0,0,1,0,0,0,0,1,1,0,0,0,car_570
1,0,0,0,1,0,0,0,0,1,0,0,1,0,0,0,1,0,0,1,0,0,car_571
1,0,0,0,1,0,0,0,0,1,0,0,1,0,0,0,1,0,0,0,1,0,car_572
1,0,0,0,1,0,0,0,0,1,0,0,1,0,0,0,1,0,1,0,0,0,car_573
1,0,0,0,1,0,0,0,0,1,0,0,1,0,0,1,0,0,0,1,0,0,car_574
1,0,0,0,1,0,0,0,0,1,0,0,1,0,0,1,0,0,0,0,1,0,car_575
1,0,0,0,1,0,0,0,0,1,0,0,1,0,0,1,0,0,1,0,0,0,car_576
1,0,0,0,1,0,0,0,0,1,0,0,0,1,0,0,0,1,0,1,0,0,car_577
1,0,0,0,1,0,0,0,0,1,0,0,0,1,0,0,0,1,0,0,1,0,car_578
1,0,0,0,1,0,0,0,0,1,0,0,0,1,0,0,0,1,1,0,0,1,car_579
1,0,0,0,1,0,0,0,0,1,0,0,0,1,0,0,1,0,0,1,0,0,car_580
1,0,0,0,1,0,0,0,0,1,0,0,0,1,0,0,1,0,0,0,1,0,car_581
1,0,0,0,1,0,0,0,0,1,0,0,0,1,0,0,1,0,1,0,0,1,car_582
1,0,0,0,1,0,0,0,0,1,0,0,0,1,0,1,0,0,0,1,0,0,car_583
1,0,0,0,1,0,0,0,0,1,0,0,0,1,0,1,0,0,0,0,1,1,car_584
1,0,0,0,1,0,0,0,0,1,0,0,0,1,0,1,0,0,1,0,0,1,car_585
1,0,0,0,1,0,0,0,0,1,0,0,0,0,1,0,0,1,0,1,0,0,car_586
1,0,0,0,1,0,0,0,0,1,0,0,0,0,1,0,0,1,0,0,1,0,car_587
1,0,0,0,1,0,0,0,0,1,0,0,0,0,1,0,0,1,1,0,0,1,car_588
1,0,0,0,1,0,0,0,0,1,0,0,0,0,1,0,1,0,0,1,0,0,car_589
1,0,0,0,1,0,0,0,0,1,0,0,0,0,1,0,1,0,0,0,1,1,car_590
1,0,0,0,1,0,0,0,0,1,0,0,0,0,1,0,1,0,1,0,0,1,car_591
1,0,0,0,1,0,0,0,0,1,0,0,0,0,1,1,0,0,0,1,0,0,car_592
1,0,0,0,1,0,0,0,0,1,0,0,0,0,1,1,0,0,0,0,1,1,car_593
1,0,0,0,1,0,0,0,0,1,0,0,0,0,1,1,0,0,1,0,0,1,car_594
1,0,0,0,1,0,0,0,0,0,1,0,1,0,0,0,0,1,0,1,0,0,car_595
1,0,0,0,1,0,0,0,0,0,1,0,1,0,0,0,0,1,0,0,1,0,car_596
1,0,0,0,1,0,0,0,0,0,1,0,1,0,0,0,0,1,1,0,0,0,car_597
1,0,0,0,1,0,0,0,0,0,1,0,1,0,0,0,1,0,0,1,0,0,car_598
1,0,0,0,1,0,0,0,0,0,1,0,1,0,0,0,1,0,0,0,1,0,car_599
1,0,0,0,1,0,0,0,0,0,1,0,1,0,0,0,1,0,1,0,0,0,car_600
1,0,0,0,1,0,0,0,0,0,1,0,1,0,0,1,0,0,0,1,0,0,car_601
1,0,0,0,1,0,0,0,0,0,1,0,1,0,0,1,0,0,0,0,1,0,car_602
1,0,0,0,1,0,0,0,0,0,1,0,1,0,0,1,0,0,1,0,0,0,car_603
1,0,0,0,1,0,0,0,0,0,1,0,0,1,0,0,0,1,0,1,0,0,car_604
1,0,0,0,1,0,0,0,0,0,1,0,0,1,0,0,0,1,0,0,1,0,car_605
1,0,0,0,1,0,0,0,0,0,1,0,0,1,0,0,0,1,1,0,0,1,car_606
1,0,0,0,1,0,0,0,0,0,1,0,0,1,0,0,1,0,0,1,0,0,car_607
1,0,0,0,1,0,0,0,0,0,1,0,0,1,0,0,1,0,0,0,1,1,car_608
1,0,0,0,1,0,0,0,0,0,1,0,0,1,0,0,1,0,1,0,0,1,car_609
1,0,0,0,1,0,0,0,0,0,1,0,0,1,0,1,0,0,0,1,0,0,car_610
1,0,0,0,1,0,0,0,0,0,1,0,0,1,0,1,0,0,0,0,1,1,car_611
1,0,0,0,1,0,0,0,0,0,1,0,0,1,0,1,0,0,1,0,0,1,car_612
1,0,0,0,1,0,0,0,0,0,1,0,0,0,1,0,0,1,0,1,0,0,car_613
1,0,0,0,1,0,0,0,0,0,1,0,0,0,1,0,0,1,0,0,1,0,car_614
1,0,0,0,1,0,0,0,0,0,1,0,0,0,1,0,0,1,1,0,0,1,car_615
1,0,0,0,1,0,0,0,0,0,1,0,0,0,1,0,1,0,0,1,0,0,car_616
1,0,0,0,1,0,0,0,0,0,1,0,0,0,1,0,1,0,0,0,1,1,car_617
1,0,0,0,1,0,0,0,0,0,1,0,0,0,1,0,1,0,1,0,0,1,car_618
1,0,0,0,1,0,0,0,0,0,1,0,0,0,1,1,0,0,0,1,0,0,car_619
1,0,0,0,1,0,0,0,0,0,1,0,0,0,1,1,0,0,0,0,1,1,car_620
1,0,0,0,1,0,0,0,0,0,1,0,0,0,1,1,0,0,1,0,0,1,car_621
1,0,0,0,1,0,0,0,0,0,0,1,1,0,0,0,0,1,0,1,0,0,car_622
1,0,0,0,1,0,0,0,0,0,0,1,1,0,0,0,0,1,0,0,1,0,car_623
1,0,0,0,1,0,0,0,0,0,0,1,1,0,0,0,0,1,1,0,0,0,car_624
1,0,0,0,1,0,0,0,0,0,0,1,1,0,0,0,1,0,0,1,0,0,car_625
1,0,0,0,1,0,0,0,0,0,0,1,1,0,0,0,1,0,0,0,1,0,car_626
1,0,0,0,1,0,0,0,0,0,0,1,1,0,0,0,1,0,1,0,0,0,car_627
1,0,0,0,1,0,0,0,0,0,0,1,1,0,0,1,0,0,0,1,0,0,car_628
1,0,0,0,1,0,0,0,0,0,0,1,1,0,0,1,0,0,0,0,1,0,car_629
1,0,0,0,1,0,0,0,0,0,0,1,1,0,0,1,0,0,1,0,0,0,car_630
1,0,0,0,1,0,0,0,0,0,0,1,0,1,0,0,0,1,0,1,0,0,car_631
1,0,0,0,1,0,0,0,0,0,0,1,0,1,0,0,0,1,0,0,1,0,car_632
1,0,0,0,1,0,0,0,0,0,0,1,0,1,0,0,0,1,1,0,0,1,car_633
1,0,0,0,1,0,0,0,0,0,0,1,0,1,0,0,1,0,0,1,0,0,car_634
1,0,0,0,1,0,0,0,0,0,0,1,0,1,0,0,1,0,0,0,1,1,car_635
1,0,0,0,1,0,0,0,0,0,0,1,0,1,0,0,1,0,1,0,0,1,car_636
1,0,0,0,1,0,0,0,0,0,0,1,0,1,0,1,0,0,0,1,0,0,car_637
1,0,0,0,1,0,0,0,0,0,0,1,0,1,0,1,0,0,0,0,1,1,car_638
1,0,0,0,1,0,0,0,0,0,0,1,0,1,0,1,0,0,1,0,0,1,car_639
1,0,0,0,1,0,0,0,0,0,0,1,0,0,1,0,0,1,0,1,0,0,car_640
1,0,0,0,1,0,0,0,0,0,0,1,0,0,1,0,0,1,0,0,1,0,car_641
1,0,0,0,1,0,0,0,0,0,0,1,0,0,1,0,0,1,1,0,0,1,car_642
1,0,0,0,1,0,0,0,0,0,0,1,0,0,1,0,1,0,0,1,0,0,car_643
1,0,0,0,1,0,0,0,0,0,0,1,0,0,1,0,1,0,0,0,1,1,car_644
1,0,0,0,1,0,0,0,0,0,0,1,0,0,1,0,1,0,1,0,0,1,car_645
1,0,0,0,1,0,0,0,0,0,0,1,0,0,1,1,0,0,0,1,0,0,car_646
1,0,0,0,1,0,0,0,0,0,0,1,0,0,1,1,0,0,0,0,1,1,car_647
1,0,0,0,1,0,0,0,0,0,0,1,0,0,1,1,0,0,1,0,0,1,car_648
1,0,0,0,0,0,1,0,1,0,0,0,1,0,0,0,0,1,0,1,0,0,car_649
1,0,0,0,0,0,1,0,1,0,0,0,1,0,0,0,0,1,0,0,1,0,car_650
1,0,0,0,0,0,1,0,1,0,0,0,1,0,0,0,0,1,1,0,0,0,car_651
1,0,0,0,0,0,1,0,1,0,0,0,1,0,0,0,1,0,0,1,0,0,car_652
1,0,0,0,0,0,1,0,1,0,0,0,1,0,0,0,1,0,0,0,1,0,car_653
1,0,0,0,0,0,1,0,1,0,0,0,1,0,0,0,1,0,1,0,0,0,car_654
1,0,0,0,0,0,1,0,1,0,0,0,1,0,0,1,0,0,0,1,0,0,car_655
1,0,0,0,0,0,1,0,1,0,0,0,1,0,0,1,0,0,0,0,1,0,car_656
1,0,0,0,0,0,1,0,1,0,0,0,1,0,0,1,0,0,1,0,0,0,car_657
1,0,0,0,0,0,1,0,1,0,0,0,0,1,0,0,0,1,0,1,0,0,car_658
1,0,0,0,0,0,1,0,1,0,0,0,0,1,0,0,0,1,0,0,1,0,car_659
1,0,0,0,0,0,1,0,1,0,0,0,0,1,0,0,0,1,1,0,0,1,car_660
1,0,0,0,0,0,1,0,1,0,0,0,0,1,0,0,1,0,0,1,0,0,car_661
1,0,0,0,0,0,1,0,1,0,0,0,0,1,0,0,1,0,0,0,1,0,car_662
1,0,0,0,0,0,1,0,1,0,0,0,0,1,0,0,1,0,1,0,0,1,car_663
1,0,0,0,0,0,1,0,1,0,0,0,0,1,0,1,0,0,0,1,0,0,car_664
1,0,0,0,0,0,1,0,1,0,0,0,0,1,0,1,0,0,0,0,1,1,car_665
1,0,0,0,0,0,1,0,1,0,0,0,0,1,0,1,0,0,1,0,0,1,car_666
1,0,0,0,0,0,1,0,1,0,0,0,0,0,1,0,0,1,0,1,0,0,car_667
1,0,0,0,0,0,1,0,1,0,0,0,0,0,1,0,0,1,0,0,1,0,car_668
1,0,0,0,0,0,1,0,1,0,0,0,0,0,1,0,0,1,1,0,0,0,car_669
1,0,0,0,0,0,1,0,1,0,0,0,0,0,1,0,1,0,0,1,0,0,car_670
1,0,0,0,0,0,1,0,1,0,0,0,0,0,1,0,1,0,0,0,1,0,car_671
1,0,0,0,0,0,1,0,1,0,0,0,0,0,1,0,1,0,1,0,0,1,car_672
1,0,0,0,0,0,1,0,1,0,0,0,0,0,1,1,0,0,0,1,0,0,car_673
1,0,0,0,0,0,1,0,1,0,0,0,0,0,1,1,0,0,0,0,1,1,car_674
1,0,0,0,0,0,1,0,1,0,0,0,0,0,1,1,0,0,1,0,0,1,car_675
1,0,0,0,0,0,1,0,0,1,0,0,1,0,0,0,0,1,0,1,0,0,car_676
1,0,0,0,0,0,1,0,0,1,0,0,1,0,0,0,0,1,0,0,1,0,car_677
1,0,0,0,0,0,1,0,0,1,0,0,1,0,0,0,0,1,1,0,0,0,car_678
1,0,0,0,0,0,1,0,0,1,0,0,1,0,0,0,1,0,0,1,0,0,car_679
1,0,0,0,0,0,1,0,0,1,0,0,1,0,0,0,1,0,0,0,1,0,car_680
1,0,0,0,0,0,1,0,0,1,0,0,1,0,0,0,1,0,1,0,0,0,car_681
1,0,0,0,0,0,1,0,0,1,0,0,1,0,0,1,0,0,0,1,0,0,car_682
1,0,0,0,0,0,1,0,0,1,0,0,1,0,0,1,0,0,0,0,1,0,car_683
1,0,0,0,0,0,1,0,0,1,0,0,1,0,0,1,0,0,1,0,0,0,car_684
1,0,0,0,0,0,1,0,0,1,0,0,0,1,0,0,0,1,0,1,0,0,car_685
1,0,0,0,0,0,1,0,0,1,0,0,0,1,0,0,0,1,0,0,1,0,car_686
1,0,0,0,0,0,1,0,0,1,0,0,0,1,0,0,0,1,1,0,0,1,car_687
1,0,0,0,0,0,1,0,0,1,0,0,0,1,0,0,1,0,0,1,0,0,car_688
1,0,0,0,0,0,1,0,0,1,0,0,0,1,0,0,1,0,0,0,1,0,car_689
1,0,0,0,0,0,1,0,0,1,0,0,0,1,0,0,1,0,1,0,0,1,car_690
1,0,0,0,0,0,1,0,0,1,0,0,0,1,0,1,0,0,0,1,0,0,car_691
1,0,0,0,0,0,1,0,0,1,0,0,0,1,0,1,0,0,0,0,1,1,car_692
1,0,0,0,0,0,1,0,0,1,0,0,0,1,0,1,0,0,1,0,0,1,car_693
1,0,0,0,0,0,1,0,0,1,0,0,0,0,1,0,0,1,0,1,0,0,car_694
1,0,0,0,0,0,1,0,0,1,0,0,0,0,1,0,0,1,0,0,1,0,car_695
1,0,0,0,0,0,1,0,0,1,0,0,0,0,1,0,0,1,1,0,0,1,car_696
1,0,0,0,0,0,1,0,0,1,0,0,0,0,1,0,1,0,0,1,0,0,car_697
1,0,0,0,0,0,1,0,0,1,0,0,0,0,1,0,1,0,0,0,1,1,car_698
1,0,0,0,0,0,1,0,0,1,0,0,0,0,1,0,1,0,1,0,0,1,car_699
1,0,0,0,0,0,1,0,0,1,0,0,0,0,1,1,0,0,0,1,0,0,car_700
1,0,0,0,0,0,1,0,0,1,0,0,0,0,1,1,0,0,0,0,1,1,car_701
1,0,0,0,0,0,1,0,0,1,0,0,0,0,1,1,0,0,1,0,0,1,car_702
1,0,0,0,0,0,1,0,0,0,1,0,1,0,0,0,0,1,0,1,0,0,car_703
1,0,0,0,0,0,1,0,0,0,1,0,1,0,0,0,0,1,0,0,1,0,car_704
1,0,0,0,0,0,1,0,0,0,1,0,1,0,0,0,0,1,1,0,0,0,car_705
1,0,0,0,0,0,1,0,0,0,1,0,1,0,0,0,1,0,0,1,0,0,car_706
1,0,0,0,0,0,1,0,0,0,1,0,1,0,0,0,1,0,0,0,1,0,car_707
1,0,0,0,0,0,1,0,0,0,1,0,1,0,0,0,1,0,1,0,0,0,car_708
1,0,0,0,0,0,1,0,0,0,1,0,1,0,0,1,0,0,0,1,0,0,car_709
1,0,0,0,0,0,1,0,0,0,1,0,1,0,0,1,0,0,0,0,1,0,car_710
1,0,0,0,0,0,1,0,0,0,1,0,1,0,0,1,0,0,1,0,0,0,car_711
1,0,0,0,0,0,1,0,0,0,1,0,0,1,0,0,0,1,0,1,0,0,car_712
1,0,0,0,0,0,1,0,0,0,1,0,0,1,0,0,0,1,0,0,1,0,car_713
1,0,0,0,0,0,1,0,0,0,1,0,0,1,0,0,0,1,1,0,0,1,car_714
1,0,0,0,0,0,1,0,0,0,1,0,0,1,0,0,1,0,0,1,0,0,car_715
1,0,0,0,0,0,1,0,0,0,1,0,0,1,0,0,1,0,0,0,1,1,car_716
1,0,0,0,0,0,1,0,0,0,1,0,0,1,0,0,1,0,1,0,0,1,car_717
1,0,0,0,0,0,1,0,0,0,1,0,0,1,0,1,0,0,0,1,0,0,car_718
1,0,0,0,0,0,1,0,0,0,1,0,0,1,0,1,0,0,0,0,1,1,car_719
1,0,0,0,0,0,1,0,0,0,1,0,0,1,0,1,0,0,1,0,0,1,car_720
1,0,0,0,0,0,1,0,0,0,1,0,0,0,1,0,0,1,0,1,0,0,car_721
1,0,0,0,0,0,1,0,0,0,1,0,0,0,1,0,0,1,0,0,1,0,car_722
1,0,0,0,0,0,1,0,0,0,1,0,0,0,1,0,0,1,1,0,0,1,car_723
1,0,0,0,0,0,1,0,0,0,1,0,0,0,1,0,1,0,0,1,0,0,car_724
1,0,0,0,0,0,1,0,0,0,1,0,0,0,1,0,1,0,0,0,1,1,car_725
1,0,0,0,0,0,1,0,0,0,1,0,0,0,1,0,1,0,1,0,0,1,car_726
1,0,0,0,0,0,1,0,0,0,1,0,0,0,1,1,0,0,0,1,0,0,car_727
1,0,0,0,0,0,1,0,0,0,1,0,0,0,1,1,0,0,0,0,1,1,car_728
1,0,0,0,0,0,1,0,0,0,1,0,0,0,1,1,0,0,1,0,0,1,car_729
1,0,0,0,0,0,1,0,0,0,0,1,1,0,0,0,0,1,0,1,0,0,car_730
1,0,0,0,0,0,1,0,0,0,0,1,1,0,0,0,0,1,0,0,1,0,car_731
1,0,0,0,0,0,1,0,0,0,0,1,1,0,0,0,0,1,1,0,0,0,car_732
1,0,0,0,0,0,1,0,0,0,0,1,1,0,0,0,1,0,0,1,0,0,car_733
1,0,0,0,0,0,1,0,0,0,0,1,1,0,0,0,1,0,0,0,1,0,car_734
1,0,0,0,0,0,1,0,0,0,0,1,1,0,0,0,1,0,1,0,0,0,car_735
1,0,0,0,0,0,1,0,0,0,0,1,1,0,0,1,0,0,0,1,0,0,car_736
1,0,0,0,0,0,1,0,0,0,0,1,1,0,0,1,0,0,0,0,1,0,car_737
1,0,0,0,0,0,1,0,0,0,0,1,1,0,0,1,0,0,1,0,0,0,car_738
1,0,0,0,0,0,1,0,0,0,0,1,0,1,0,0,0,1,0,1,0,0,car_739
1,0,0,0,0,0,1,0,0,0,0,1,0,1,0,0,0,1,0,0,1,0,car_740
1,0,0,0,0,0,1,0,0,0,0,1,0,1,0,0,0,1,1,0,0,1,car_741
1,0,0,0,0,0,1,0,0,0,0,1,0,1,0,0,1,0,0,1,0,0,car_742
1,0,0,0,0,0,1,0,0,0,0,1,0,1,0,0,1,0,0,0,1,1,car_743
1,0,0,0,0,0,1,0,0,0,0,1,0,1,0,0,1,0,1,0,0,1,car_744
1,0,0,0,0,0,1,0,0,0,0,1,0,1,0,1,0,0,0,1,0,0,car_745
1,0,0,0,0,0,1,0,0,0,0,1,0,1,0,1,0,0,0,0,1,1,car_746
1,0,0,0,0,0,1,0,0,0,0,1,0,1,0,1,0,0,1,0,0,1,car_747
1,0,0,0,0,0,1,0,0,0,0,1,0,0,1,0,0,1,0,1,0,0,car_748
1,0,0,0,0,0,1,0,0,0,0,1,0,0,1,0,0,1,0,0,1,0,car_749
1,0,0,0,0,0,1,0,0,0,0,1,0,0,1,0,0,1,1,0,0,1,car_750
1,0,0,0,0,0,1,0,0,0,0,1,0,0,1,0,1,0,0,1,0,0,car_751
1,0,0,0,0,0,1,0,0,0,0,1,0,0,1,0,1,0,0,0,1,1,car_752
1,0,0,0,0,0,1,0,0,0,0,1,0,0,1,0,1,0,1,0,0,1,car_753
1,0,0,0,0,0,1,0,0,0,0,1,0,0,1,1,0,0,0,1,0,0,car_754
1,0,0,0,0,0,1,0,0,0,0,1,0,0,1,1,0,0,0,0,1,1,car_755
1,0,0,0,0,0,1,0,0,0,0,1,0,0,1,1,0,0,1,0,0,1,car_756
1,0,0,0,0,1,0,0,1,0,0,0,1,0,0,0,0,1,0,1,0,0,car_757
1,0,0,0,0,1,0,0,1,0,0,0,1,0,0,0,0,1,0,0,1,0,car_758
1,0,0,0,0,1,0,0,1,0,0,0,1,0,0,0,0,1,1,0,0,0,car_759
1,0,0,0,0,1,0,0,1,0,0,0,1,0,0,0,1,0,0,1,0,0,car_760
1,0,0,0,0,1,0,0,1,0,0,0,1,0,0,0,1,0,0,0,1,0,car_761
1,0,0,0,0,1,0,0,1,0,0,0,1,0,0,0,1,0,1,0,0,0,car_762
1,0,0,0,0,1,0,0,1,0,0,0,1,0,0,1,0,0,0,1,0,0,car_763
1,0,0,0,0,1,0,0,1,0,0,0,1,0,0,1,0,0,0,0,1,0,car_764
1,0,0,0,0,1,0,0,1,0,0,0,1,0,0,1,0,0,1,0,0,0,car_765
1,0,0,0,0,1,0,0,1,0,0,0,0,1,0,0,0,1,0,1,0,0,car_766
1,0,0,0,0,1,0,0,1,0,0,0,0,1,0,0,0,1,0,0,1,0,car_767
1,0,0,0,0,1,0,0,1,0,0,0,0,1,0,0,0,1,1,0,0,1,car_768
1,0,0,0,0,1,0,0,1,0,0,0,0,1,0,0,1,0,0,1,0,0,car_769
1,0,0,0,0,1,0,0,1,0,0,0,0,1,0,0,1,0,0,0,1,0,car_770
1,0,0,0,0,1,0,0,1,0,0,0,0,1,0,0,1,0,1,0,0,1,car_771
1,0,0,0,0,1,0,0,1,0,0,0,0,1,0,1,0,0,0,1,0,0,car_772
1,0,0,0,0,1,0,0,1,0,0,0,0,1,0,1,0,0,0,0,1,1,car_773
1,0,0,0,0,1,0,0,1,0,0,0,0,1,0,1,0,0,1,0,0,1,car_774
1,0,0,0,0,1,0,0,1,0,0,0,0,0,1,0,0,1,0,1,0,0,car_775
1,0,0,0,0,1,0,0,1,0,0,0,0,0,1,0,0,1,0,0,1,0,car_776
1,0,0,0,0,1,0,0,1,0,0,0,0,0,1,0,0,1,1,0,0,0,car_777
1,0,0,0,0,1,0,0,1,0,0,0,0,0,1,0,1,0,0,1,0,0,car_778
1,0,0,0,0,1,0,0,1,0,0,0,0,0,1,0,1,0,0,0,1,0,car_779
1,0,0,0,0,1,0,0,1,0,0,0,0,0,1,0,1,0,1,0,0,1,car_780
1,0,0,0,0,1,0,0,1,0,0,0,0,0,1,1,0,0,0,1,0,0,car_781
1,0,0,0,0,1,0,0,1,0,0,0,0,0,1,1,0,0,0,0,1,1,car_782
1,0,0,0,0,1,0,0,1,0,0,0,0,0,1,1,0,0,1,0,0,1,car_783
1,0,0,0,0,1,0,0,0,1,0,0,1,0,0,0,0,1,0,1,0,0,car_784
1,0,0,0,0,1,0,0,0,1,0,0,1,0,0,0,0,1,0,0,1,0,car_785
1,0,0,0,0,1,0,0,0,1,0,0,1,0,0,0,0,1,1,0,0,0,car_786
1,0,0,0,0,1,0,0,0,1,0,0,1,0,0,0,1,0,0,1,0,0,car_787
1,0,0,0,0,1,0,0,0,1,0,0,1,0,0,0,1,0,0,0,1,0,car_788
1,0,0,0,0,1,0,0,0,1,0,0,1,0,0,0,1,0,1,0,0,0,car_789
1,0,0,0,0,1,0,0,0,1,0,0,1,0,0,1,0,0,0,1,0,0,car_790
1,0,0,0,0,1,0,0,0,1,0,0,1,0,0,1,0,0,0,0,1,0,car_791
1,0,0,0,0,1,0,0,0,1,0,0,1,0,0,1,0,0,1,0,0,0,car_792
1,0,0,0,0,1,0,0,0,1,0,0,0,1,0,0,0,1,0,1,0,0,car_793
1,0,0,0,0,1,0,0,0,1,0,0,0,1,0,0,0,1,0,0,1,0,car_794
1,0,0,0,0,1,0,0,0,1,0,0,0,1,0,0,0,1,1,0,0,1,car_795
1,0,0,0,0,1,0,0,0,1,0,0,0,1,0,0,1,0,0,1,0,0,car_796
1,0,0,0,0,1,0,0,0,1,0,0,0,1,0,0,1,0,0,0,1,0,car_797
1,0,0,0,0,1,0,0,0,1,0,0,0,1,0,0,1,0,1,0,0,1,car_798
1,0,0,0,0,1,0,0,0,1,0,0,0,1,0,1,0,0,0,1,0,0,car_799
1,0,0,0,0,1,0,0,0,1,0,0,0,1,0,1,0,0,0,0,1,1,car_800
1,0,0,0,0,1,0,0,0,1,0,0,0,1,0,1,0,0,1,0,0,1,car_801
1,0,0,0,0,1,0,0,0,1,0,0,0,0,1,0,0,1,0,1,0,0,car_802
1,0,0,0,0,1,0,0,0,1,0,0,0,0,1,0,0,1,0,0,1,0,car_803
1,0,0,0,0,1,0,0,0,1,0,0,0,0,1,0,0,1,1,0,0,1,car_804
1,0,0,0,0,1,0,0,0,1,0,0,0,0,1,0,1,0,0,1,0,0,car_805
1,0,0,0,0,1,0,0,0,1,0,0,0,0,1,0,1,0,0,0,1,1,car_806
1,0,0,0,0,1,0,0,0,1,0,0,0,0,1,0,1,0,1,0,0,1,car_807
1,0,0,0,0,1,0,0,0,1,0,0,0,0,1,1,0,0,0,1,0,0,car_808
1,0,0,0,0,1,0,0,0,1,0,0,0,0,1,1,0,0,0,0,1,1,car_809
1,0,0,0,0,1,0,0,0,1,0,0,0,0,1,1,0,0,1,0,0,1,car_810
1,0,0,0,0,1,0,0,0,0,1,0,1,0,0,0,0,1,0,1,0,0,car_811
1,0,0,0,0,1,0,0,0,0,1,0,1,0,0,0,0,1,0,0,1,0,car_812
1,0,0,0,0,1,0,0,0,0,1,0,1,0,0,0,0,1,1,0,0,0,car_813
1,0,0,0,0,1,0,0,0,0,1,0,1,0,0,0,1,0,0,1,0,0,car_814
1,0,0,0,0,1,0,0,0,0,1,0,1,0,0,0,1,0,0,0,1,0,car_815
1,0,0,0,0,1,0,0,0,0,1,0,1,0,0,0,1,0,1,0,0,0,car_816
1,0,0,0,0,1,0,0,0,0,1,0,1,0,0,1,0,0,0,1,0,0,car_817
1,0,0,0,0,1,0,0,0,0,1,0,1,0,0,1,0,0,0,0,1,0,car_818
1,0,0,0,0,1,0,0,0,0,1,0,1,0,0,1,0,0,1,0,0,0,car_819
1,0,0,0,0,1,0,0,0,0,1,0,0,1,0,0,0,1,0,1,0,0,car_820
1,0,0,0,0,1,0,0,0,0,1,0,0,1,0,0,0,1,0,0,1,0,car_821
1,0,0,0,0,1,0,0,0,0,1,0,0,1,0,0,0,1,1,0,0,1,car_822
1,0,0,0,0,1,0,0,0,0,1,0,0,1,0,0,1,0,0,1,0,0,car_823
1,0,0,0,0,1,0,0,0,0,1,0,0,1,0,0,1,0,0,0,1,1,car_824
1,0,0,0,0,1,0,0,0,0,1,0,0,1,0,0,1,0,1,0,0,1,car_825
1,0,0,0,0,1,0,0,0,0,1,0,0,1,0,1,0,0,0,1,0,0,car_826
1,0,0,0,0,1,0,0,0,0,1,0,0,1,0,1,0,0,0,0,1,1,car_827
1,0,0,0,0,1,0,0,0,0,1,0,0,1,0,1,0,0,1,0,0,1,car_828
1,0,0,0,0,1,0,0,0,0,1,0,0,0,1,0,0,1,0,1,0,0,car_829
1,0,0,0,0,1,0,0,0,0,1,0,0,0,1,0,0,1,0,0,1,0,car_830
1,0,0,0,0,1,0,0,0,0,1,0,0,0,1,0,0,1,1,0,0,1,car_831
1,0,0,0,0,1,0,0,0,0,1,0,0,0,1,0,1,0,0,1,0,0,car_832
1,0,0,0,0,1,0,0,0,0,1,0,0,0,1,0,1,0,0,0,1,1,car_833
1,0,0,0,0,1,0,0,0,0,1,0,0,0,1,0,1,0,1,0,0,1,car_834
1,0,0,0,0,1,0,0,0,0,1,0,0,0,1,1,0,0,0,1,0,0,car_835
1,0,0,0,0,1,0,0,0,0,1,0,0,0,1,1,0,0,0,0,1,1,car_836
1,0,0,0,0,1,0,0,0,0,1,0,0,0,1,1,0,0,1,0,0,1,car_837
1,0,0,0,0,1,0,0,0,0,0,1,1,0,0,0,0,1,0,1,0,0,car_838
1,0,0,0,0,1,0,0,0,0,0,1,1,0,0,0,0,1,0,0,1,0,car_839
1,0,0,0,0,1,0,0,0,0,0,1,1,0,0,0,0,1,1,0,0,0,car_840
1,0,0,0,0,1,0,0,0,0,0,1,1,0,0,0,1,0,0,1,0,0,car_841
1,0,0,0,0,1,0,0,0,0,0,1,1,0,0,0,1,0,0,0,1,0,car_842
1,0,0,0,0,1,0,0,0,0,0,1,1,0,0,0,1,0,1,0,0,0,car_843
1,0,0,0,0,1,0,0,0,0,0,1,1,0,0,1,0,0,0,1,0,0,car_844
1,0,0,0,0,1,0,0,0,0,0,1,1,0,0,1,0,0,0,0,1,0,car_845
1,0,0,0,0,1,0,0,0,0,0,1,1,0,0,1,0,0,1,0,0,0,car_846
1,0,0,0,0,1,0,0,0,0,0,1,0,1,0,0,0,1,0,1,0,0,car_847
1,0,0,0,0,1,0,0,0,0,0,1,0,1,0,0,0,1,0,0,1,0,car_848
1,0,0,0,0,1,0,0,0,0,0,1,0,1,0,0,0,1,1,0,0,1,car_849
1,0,0,0,0,1,0,0,0,0,0,1,0,1,0,0,1,0,0,1,0,0,car_850
1,0,0,0,0,1,0,0,0,0,0,1,0,1,0,0,1,0,0,0,1,1,car_851
1,0,0,0,0,1,0,0,0,0,0,1,0,1,0,0,1,0,1,0,0,1,car_852
1,0,0,0,0,1,0,0,0,0,0,1,0,1,0,1,0,0,0,1,0,0,car_853
1,0,0,0,0,1,0,0,0,0,0,1,0,1,0,1,0,0,0,0,1,1,car_854
1,0,0,0,0,1,0,0,0,0,0,1,0,1,0,1,0,0,1,0,0,1,car_855
1,0,0,0,0,1,0,0,0,0,0,1,0,0,1,0,0,1,0,1,0,0,car_856
1,0,0,0,0,1,0,0,0,0,0,1,0,0,1,0,0,1,0,0,1,0,car_857
1,0,0,0,0,1,0,0,0,0,0,1,0,0,1,0,0,1,1,0,0,1,car_858
1,0,0,0,0,1,0,0,0,0,0,1,0,0,1,0,1,0,0,1,0,0,car_859
1,0,0,0,0,1,0,0,0,0,0,1,0,0,1,0,1,0,0,0,1,1,car_860
1,0,0,0,0,1,0,0,0,0,0,1,0,0,1,0,1,0,1,0,0,1,car_861
1,0,0,0,0,1,0,0,0,0,0,1,0,0,1,1,0,0,0,1,0,0,car_862
1,0,0,0,0,1,0,0,0,0,0,1,0,0,1,1,0,0,0,0,1,1,car_863
1,0,0,0,0,1,0,0,0,0,0,1,0,0,1,1,0,0,1,0,0,1,car_864
0,0,1,0,0,0,0,1,1,0,0,0,1,0,0,0,0,1,0,1,0,0,car_865
0,0,1,0,0,0,0,1,1,0,0,0,1,0,0,0,0,1,0,0,1,0,car_866
0,0,1,0,0,0,0,1,1,0,0,0,1,0,0,0,0,1,1,0,0,0,car_867
0,0,1,0,0,0,0,1,1,0,0,0,1,0,0,0,1,0,0,1,0,0,car_868
0,0,1,0,0,0,0,1,1,0,0,0,1,0,0,0,1,0,0,0,1,0,car_869
0,0,1,0,0,0,0,1,1,0,0,0,1,0,0,0,1,0,1,0,0,0,car_870
0,0,1,0,0,0,0,1,1,0,0,0,1,0,0,1,0,0,0,1,0,0,car_871
0,0,1,0,0,0,0,1,1,0,0,0,1,0,0,1,0,0,0,0,1,0,car_872
0,0,1,0,0,0,0,1,1,0,0,0,1,0,0,1,0,0,1,0,0,0,car_873
0,0,1,0,0,0,0,1,1,0,0,0,0,1,0,0,0,1,0,1,0,0,car_874
0,0,1,0,0,0,0,1,1,0,0,0,0,1,0,0,0,1,0,0,1,0,car_875
0,0,1,0,0,0,0,1,1,0,0,0,0,1,0,0,0,1,1,0,0,1,car_876
0,0,1,0,0,0,0,1,1,0,0,0,0,1,0,0,1,0,0,1,0,0,car_877
0,0,1,0,0,0,0,1,1,0,0,0,0,1,0,0,1,0,0,0,1,0,car_878
0,0,1,0,0,0,0,1,1,0,0,0,0,1,0,0,1,0,1,0,0,1,car_879
0,0,1,0,0,0,0,1,1,0,0,0,0,1,0,1,0,0,0,1,0,0,car_880
0,0,1,0,0,0,0,1,1,0,0,0,0,1,0,1,0,0,0,0,1,1,car_881
0,0,1,0,0,0,0,1,1,0,0,0,0,1,0,1,0,0,1,0,0,1,car_882
0,0,1,0,0,0,0,1,1,0,0,0,0,0,1,0,0,1,0,1,0,0,car_883
0,0,1,0,0,0,0,1,1,0,0,0,0,0,1,0,0,1,0,0,1,0,car_884
0,0,1,0,0,0,0,1,1,0,0,0,0,0,1,0,0,1,1,0,0,0,car_885
0,0,1,0,0,0,0,1,1,0,0,0,0,0,1,0,1,0,0,1,0,0,car_886
0,0,1,0,0,0,0,1,1,0,0,0,0,0,1,0,1,0,0,0,1,0,car_887
0,0,1,0,0,0,0,1,1,0,0,0,0,0,1,0,1,0,1,0,0,1,car_888
0,0,1,0,0,0,0,1,1,0,0,0,0,0,1,1,0,0,0,1,0,0,car_889
0,0,1,0,0,0,0,1,1,0,0,0,0,0,1,1,0,0,0,0,1,1,car_890
0,0,1,0,0,0,0,1,1,0,0,0,0,0,1,1,0,0,1,0,0,1,car_891
0,0,1,0,0,0,0,1,0,1,0,0,1,0,0,0,0,1,0,1,0,0,car_892
0,0,1,0,0,0,0,1,0,1,0,0,1,0,0,0,0,1,0,0,1,0,car_893
0,0,1,0,0,0,0,1,0,1,0,0,1,0,0,0,0,1,1,0,0,0,car_894
0,0,1,0,0,0,0,1,0,1,0,0,1,0,0,0,1,0,0,1,0,0,car_895
0,0,1,0,0,0,0,1,0,1,0,0,1,0,0,0,1,0,0,0,1,0,car_896
0,0,1,0,0,0,0,1,0,1,0,0,1,0,0,0,1,0,1,0,0,0,car_897
0,0,1,0,0,0,0,1,0,1,0,0,1,0,0,1,0,0,0,1,0,0,car_898
0,0,1,0,0,0,0,1,0,1,0,0,1,0,0,1,0,0,0,0,1,0,car_899
0,0,1,0,0,0,0,1,0,1,0,0,1,0,0,1,0,0,1,0,0,0,car_900
0,0,1,0,0,0,0,1,0,1,0,0,0,1,0,0,0,1,0,1,0,0,car_901
0,0,1,0,0,0,0,1,0,1,0,0,0,1,0,0,0,1,0,0,1,0,car_902
0,0,1,0,0,0,0,1,0,1,0,0,0,1,0,0,0,1,1,0,0,1,car_903
0,0,1,0,0,0,0,1,0,1,0,0,0,1,0,0,1,0,0,1,0,0,car_904
0,0,1,0,0,0,0,1,0,1,0,0,0,1,0,0,1,0,0,0,1,0,car_905
0,0,1,0,0,0,0,1,0,1,0,0,0,1,0,0,1,0,1,0,0,1,car_906
0,0,1,0,0,0,0,1,0,1,0,0,0,1,0,1,0,0,0,1,0,0,car_907
0,0,1,0,0,0,0,1,0,1,0,0,0,1,0,1,0,0,0,0,1,1,car_908
0,0,1,0,0,0,0,1,0,1,0,0,0,1,0,1,0,0,1,0,0,1,car_909
0,0,1,0,0,0,0,1,0,1,0,0,0,0,1,0,0,1,0,1,0,0,car_910
0,0,1,0,0,0,0,1,0,1,0,0,0,0,1,0,0,1,0,0,1,0,car_911
0,0,1,0,0,0,0,1,0,1,0,0,0,0,1,0,0,1,1,0,0,1,car_912
0,0,1,0,0,0,0,1,0,1,0,0,0,0,1,0,1,0,0,1,0,0,car_913
0,0,1,0,0,0,0,1,0,1,0,0,0,0,1,0,1,0,0,0,1,1,car_914
0,0,1,0,0,0,0,1,0,1,0,0,0,0,1,0,1,0,1,0,0,1,car_915
0,0,1,0,0,0,0,1,0,1,0,0,0,0,1,1,0,0,0,1,0,0,car_916
0,0,1,0,0,0,0,1,0,1,0,0,0,0,1,1,0,0,0,0,1,1,car_917
0,0,1,0,0,0,0,1,0,1,0,0,0,0,1,1,0,0,1,0,0,1,car_918
0,0,1,0,0,0,0,1,0,0,1,0,1,0,0,0,0,1,0,1,0,0,car_919
0,0,1,0,0,0,0,1,0,0,1,0,1,0,0,0,0,1,0,0,1,0,car_920
0,0,1,0,0,0,0,1,0,0,1,0,1,0,0,0,0,1,1,0,0,0,car_921
0,0,1,0,0,0,0,1,0,0,1,0,1,0,0,0,1,0,0,1,0,0,car_922
0,0,1,0,0,0,0,1,0,0,1,0,1,0,0,0,1,0,0,0,1,0,car_923
0,0,1,0,0,0,0,1,0,0,1,0,1,0,0,0,1,0,1,0,0,0,car_924
0,0,1,0,0,0,0,1,0,0,1,0,1,0,0,1,0,0,0,1,0,0,car_925
0,0,1,0,0,0,0,1,0,0,1,0,1,0,0,1,0,0,0,0,1,0,car_926
0,0,1,0,0,0,0,1,0,0,1,0,1,0,0,1,0,0,1,0,0,0,car_927
0,0,1,0,0,0,0,1,0,0,1,0,0,1,0,0,0,1,0,1,0,0,car_928
0,0,1,0,0,0,0,1,0,0,1,0,0,1,0,0,0,1,0,0,1,0,car_929
0,0,1,0,0,0,0,1,0,0,1,0,0,1,0,0,0,1,1,0,0,1,car_930
0,0,1,0,0,0,0,1,0,0,1,0,0,1,0,0,1,0,0,1,0,0,car_931
0,0,1,0,0,0,0,1,0,0,1,0,0,1,0,0,1,0,0,0,1,1,car_932
0,0,1,0,0,0,0,1,0,0,1,0,0,1,0,0,1,0,1,0,0,1,car_933
0,0,1,0,0,0,0,1,0,0,1,0,0,1,0,1,0,0,0,1,0,0,car_934
0,0,1,0,0,0,0,1,0,0,1,0,0,1,0,1,0,0,0,0,1,1,car_935
0,0,1,0,0,0,0,1,0,0,1,0,0,1,0,1,0,0,1,0,0,1,car_936
0,0,1,0,0,0,0,1,0,0,1,0,0,0,1,0,0,1,0,1,0,0,car_937
0,0,1,0,0,0,0,1,0,0,1,0,0,0,1,0,0,1,0,0,1,0,car_938
0,0,1,0,0,0,0,1,0,0,1,0,0,0,1,0,0,1,1,0,0,1,car_939
0,0,1,0,0,0,0,1,0,0,1,0,0,0,1,0,1,0,0,1,0,0,car_940
0,0,1,0,0,0,0,1,0,0,1,0,0,0,1,0,1,0,0,0,1,1,car_941
0,0,1,0,0,0,0,1,0,0,1,0,0,0,1,0,1,0,1,0,0,1,car_942
0,0,1,0,0,0,0,1,0,0,1,0,0,0,1,1,0,0,0,1,0,0,car_943
0,0,1,0,0,0,0,1,0,0,1,0,0,0,1,1,0,0,0,0,1,1,car_944
0,0,1,0,0,0,0,1,0,0,1,0,0,0,1,1,0,0,1,0,0,1,car_945
0,0,1,0,0,0,0,1,0,0,0,1,1,0,0,0,0,1,0,1,0,0,car_946
0,0,1,0,0,0,0,1,0,0,0,1,1,0,0,0,0,1,0,0,1,0,car_947
0,0,1,0,0,0,0,1,0,0,0,1,1,0,0,0,0,1,1,0,0,0,car_948
0,0,1,0,0,0,0,1,0,0,0,1,1,0,0,0,1,0,0,1,0,0,car_949
0,0,1,0,0,0,0,1,0,0,0,1,1,0,0,0,1,0,0,0,1,0,car_950
0,0,1,0,0,0,0,1,0,0,0,1,1,0,0,0,1,0,1,0,0,0,car_951
0,0,1,0,0,0,0,1,0,0,0,1,1,0,0,1,0,0,0,1,0,0,car_952
0,0,1,0,0,0,0,1,0,0,0,1,1,0,0,1,0,0,0,0,1,0,car_953
0,0,1,0,0,0,0,1,0,0,0,1,1,0,0,1,0,0,1,0,0,0,car_954
0,0,1,0,0,0,0,1,0,0,0,1,0,1,0,0,0,1,0,1,0,0,car_955
0,0,1,0,0,0,0,1,0,0,0,1,0,1,0,0,0,1,0,0,1,0,car_956
0,0,1,0,0,0,0,1,0,0,0,1,0,1,0,0,0,1,1,0,0,1,car_957
0,0,1,0,0,0,0,1,0,0,0,1,0,1,0,0,1,0,0,1,0,0,car_958
0,0,1,0,0,0,0,1,0,0,0,1,0,1,0,0,1,0,0,0,1,1,car_959
0,0,1,0,0,0,0,1,0,0,0,1,0,1,0,0,1,0,1,0,0,1,car_960
0,0,1,0,0,0,0,1,0,0,0,1,0,1,0,1,0,0,0,1,0,0,car_961
0,0,1,0,0,0,0,1,0,0,0,1,0,1,0,1,0,0,0,0,1,1,car_962
0,0,1,0,0,0,0,1,0,0,0,1,0,1,0,1,0,0,1,0,0,1,car_963
0,0,1,0,0,0,0,1,0,0,0,1,0,0,1,0,0,1,0,1,0,0,car_964
0,0,1,0,0,0,0,1,0,0,0,1,0,0,1,0,0,1,0,0,1,0,car_965
0,0,1,0,0,0,0,1,0,0,0,1,0,0,1,0,0,1,1,0,0,1,car_966
0,0,1,0,0,0,0,1,0,0,0,1,0,0,1,0,1,0,0,1,0,0,car_967
0,0,1,0,0,0,0,1,0,0,0,1,0,0,1,0,1,0,0,0,1,1,car_968
0,0,1,0,0,0,0,1,0,0,0,1,0,0,1,0,1,0,1,0,0,1,car_969
0,0,1,0,0,0,0,1,0,0,0,1,0,0,1,1,0,0,0,1,0,0,car_970
0,0,1,0,0,0,0,1,0,0,0,1,0,0,1,1,0,0,0,0,1,1,car_971
0,0,1,0,0,0,0,1,0,0,0,1,0,0,1,1,0,0,1,0,0,1,car_972
0,0,1,0,1,0,0,0,1,0,0,0,1,0,0,0,0,1,0,1,0,0,car_973
0,0,1,0,1,0,0,0,1,0,0,0,1,0,0,0,0,1,0,0,1,0,car_974
0,0,1,0,1,0,0,0,1,0,0,0,1,0,0,0,0,1,1,0,0,0,car_975
0,0,1,0,1,0,0,0,1,0,0,0,1,0,0,0,1,0,0,1,0,0,car_976
0,0,1,0,1,0,0,0,1,0,0,0,1,0,0,0,1,0,0,0,1,0,car_977
0,0,1,0,1,0,0,0,1,0,0,0,1,0,0,0,1,0,1,0,0,0,car_978
0,0,1,0,1,0,0,0,1,0,0,0,1,0,0,1,0,0,0,1,0,0,car_979
0,0,1,0,1,0,0,0,1,0,0,0,1,0,0,1,0,0,0,0,1,0,car_980
0,0,1,0,1,0,0,0,1,0,0,0,1,0,0,1,0,0,1,0,0,0,car_981
0,0,1,0,1,0,0,0,1,0,0,0,0,1,0,0,0,1,0,1,0,0,car_982
0,0,1,0,1,0,0,0,1,0,0,0,0,1,0,0,0,1,0,0,1,0,car_983
0,0,1,0,1,0,0,0,1,0,0,0,0,1,0,0,0,1,1,0,0,1,car_984
0,0,1,0,1,0,0,0,1,0,0,0,0,1,0,0,1,0,0,1,0,0,car_985
0,0,1,0,1,0,0,0,1,0,0,0,0,1,0,0,1,0,0,0,1,0,car_986
0,0,1,0,1,0,0,0,1,0,0,0,0,1,0,0,1,0,1,0,0,1,car_987
0,0,1,0,1,0,0,0,1,0,0,0,0,1,0,1,0,0,0,1,0,0,car_988
0,0,1,0,1,0,0,0,1,0,0,0,0,1,0,1,0,0,0,0,1,1,car_989
0,0,1,0,1,0,0,0,1,0,0,0,0,1,0,1,0,0,1,0,0,1,car_990
0,0,1,0,1,0,0,0,1,0,0,0,0,0,1,0,0,1,0,1,0,0,car_991
0,0,1,0,1,0,0,0,1,0,0,0,0,0,1,0,0,1,0,0,1,0,car_992
0,0,1,0,1,0,0,0,1,0,0,0,0,0,1,0,0,1,1,0,0,0,car_993
0,0,1,0,1,0,0,0,1,0,0,0,0,0,1,0,1,0,0,1,0,0,car_994
0,0,1,0,1,0,0,0,1,0,0,0,0,0,1,0,1,0,0,0,1,0,car_995
0,0,1,0,1,0,0,0,1,0,0,0,0,0,1,0,1,0,1,0,0,1,car_996
0,0,1,0,1,0,0,0,1,0,0,0,0,0,1,1,0,0,0,1,0,0,car_997
0,0,1,0,1,0,0,0,1,0,0,0,0,0,1,1,0,0,0,0,1,1,car_998
0,0,1,0,1,0,0,0,1,0,0,0,0,0,1,1,0,0,1,0,0,1,car_999
0,0,1,0,1,0,0,0,0,1,0,0,1,0,0,0,0,1,0,1,0,0,car_1000
0,0,1,0,1,0,0,0,0,1,0,0,1,0,0,0,0,1,0,0,1,0,car_1001
0,0,1,0,1,0,0,0,0,1,0,0,1,0,0,0,0,1,1,0,0,0,car_1002
0,0,1,0,1,0,0,0,0,1,0,0,1,0,0,0,1,0,0,1,0,0,car_1003
0,0,1,0,1,0,0,0,0,1,0,0,1,0,0,0,1,0,0,0,1,0,car_1004
0,0,1,0,1,0,0,0,0,1,0,0,1,0,0,0,1,0,1,0,0,0,car_1005
0,0,1,0,1,0,0,0,0,1,0,0,1,0,0,1,0,0,0,1,0,0,car_1006
0,0,1,0,1,0,0,0,0,1,0,0,1,0,0,1,0,0,0,0,1,0,car_1007
0,0,1,0,1,0,0,0,0,1,0,0,1,0,0,1,0,0,1,0,0,0,car_1008
0,0,1,0,1,0,0,0,0,1,0,0,0,1,0,0,0,1,0,1,0,0,car_1009
0,0,1,0,1,0,0,0,0,1,0,0,0,1,0,0,0,1,0,0,1,0,car_1010
0,0,1,0,1,0,0,0,0,1,0,0,0,1,0,0,0,1,1,0,0,1,car_1011
0,0,1,0,1,0,0,0,0,1,0,0,0,1,0,0,1,0,0,1,0,0,car_1012
0,0,1,0,1,0,0,0,0,1,0,0,0,1,0,0,1,0,0,0,1,0,car_1013
0,0,1,0,1,0,0,0,0,1,0,0,0,1,0,0,1,0,1,0,0,1,car_1014
0,0,1,0,1,0,0,0,0,1,0,0,0,1,0,1,0,0,0,1,0,0,car_1015
0,0,1,0,1,0,0,0,0,1,0,0,0,1,0,1,0,0,0,0,1,1,car_1016
0,0,1,0,1,0,0,0,0,1,0,0,0,1,0,1,0,0,1,0,0,1,car_1017
0,0,1,0,1,0,0,0,0,1,0,0,0,0,1,0,0,1,0,1,0,0,car_1018
0,0,1,0,1,0,0,0,0,1,0,0,0,0,1,0,0,1,0,0,1,0,car_1019
0,0,1,0,1,0,0,0,0,1,0,0,0,0,1,0,0,1,1,0,0,1,car_1020
0,0,1,0,1,0,0,0,0,1,0,0,0,0,1,0,1,0,0,1,0,0,car_1021
0,0,1,0,1,0,0,0,0,1,0,0,0,0,1,0,1,0,0,0,1,1,car_1022
0,0,1,0,1,0,0,0,0,1,0,0,0,0,1,0,1,0,1,0,0,1,car_1023
0,0,1,0,1,0,0,0,0,1,0,0,0,0,1,1,0,0,0,1,0,0,car_1024
0,0,1,0,1,0,0,0,0,1,0,0,0,0,1,1,0,0,0,0,1,1,car_1025
0,0,1,0,1,0,0,0,0,1,0,0,0,0,1,1,0,0,1,0,0,1,car_1026
0,0,1,0,1,0,0,0,0,0,1,0,1,0,0,0,0,1,0,1,0,0,car_1027
0,0,1,0,1,0,0,0,0,0,1,0,1,0,0,0,0,1,0,0,1,0,car_1028
0,0,1,0,1,0,0,0,0,0,1,0,1,0,0,0,0,1,1,0,0,0,car_1029
0,0,1,0,1,0,0,0,0,0,1,0,1,0,0,0,1,0,0,1,0,0,car_1030
0,0,1,0,1,0,0,0,0,0,1,0,1,0,0,0,1,0,0,0,1,0,car_1031
0,0,1,0,1,0,0,0,0,0,1,0,1,0,0,0,1,0,1,0,0,0,car_1032
0,0,1,0,1,0,0,0,0,0,1,0,1,0,0,1,0,0,0,1,0,0,car_1033
0,0,1,0,1,0,0,0,0,0,1,0,1,0,0,1,0,0,0,0,1,0,car_1034
0,0,1,0,1,0,0,0,0,0,1,0,1,0,0,1,0,0,1,0,0,0,car_1035
0,0,1,0,1,0,0,0,0,0,1,0,0,1,0,0,0,1,0,1,0,0,car_1036
0,0,1,0,1,0,0,0,0,0,1,0,0,1,0,0,0,1,0,0,1,0,car_1037
0,0,1,0,1,0,0,0,0,0,1,0,0,1,0,0,0,1,1,0,0,1,car_1038
0,0,1,0,1,0,0,0,0,0,1,0,0,1,0,0,1,0,0,1,0,0,car_1039
0,0,1,0,1,0,0,0,0,0,1,0,0,1,0,0,1,0,0,0,1,1,car_1040
0,0,1,0,1,0,0,0,0,0,1,0,0,1,0,0,1,0,1,0,0,1,car_1041
0,0,1,0,1,0,0,0,0,0,1,0,0,1,0,1,0,0,0,1,0,0,car_1042
0,0,1,0,1,0,0,0,0,0,1,0,0,1,0,1,0,0,0,0,1,1,car_1043
0,0,1,0,1,0,0,0,0,0,1,0,0,1,0,1,0,0,1,0,0,1,car_1044
0,0,1,0,1,0,0,0,0,0,1,0,0,0,1,0,0,1,0,1,0,0,car_1045
0,0,1,0,1,0,0,0,0,0,1,0,0,0,1,0,0,1,0,0,1,0,car_1046
0,0,1,0,1,0,0,0,0,0,1,0,0,0,1,0,0,1,1,0,0,1,car_1047
0,0,1,0,1,0,0,0,0,0,1,0,0,0,1,0,1,0,0,1,0,0,car_1048
0,0,1,0,1,0,0,0,0,0,1,0,0,0,1,0,1,0,0,0,1,1,car_1049
0,0,1,0,1,0,0,0,0,0,1,0,0,0,1,0,1,0,1,0,0,1,car_1050
0,0,1,0,1,0,0,0,0,0,1,0,0,0,1,1,0,0,0,1,0,0,car_1051
0,0,1,0,1,0,0,0,0,0,1,0,0,0,1,1,0,0,0,0,1,1,car_1052
0,0,1,0,1,0,0,0,0,0,1,0,0,0,1,1,0,0,1,0,0,1,car_1053
0,0,1,0,1,0,0,0,0,0,0,1,1,0,0,0,0,1,0,1,0,0,car_1054
0,0,1,0,1,0,0,0,0,0,0,1,1,0,0,0,0,1,0,0,1,0,car_1055
0,0,1,0,1,0,0,0,0,0,0,1,1,0,0,0,0,1,1,0,0,0,car_1056
0,0,1,0,1,0,0,0,0,0,0,1,1,0,0,0,1,0,0,1,0,0,car_1057
0,0,1,0,1,0,0,0,0,0,0,1,1,0,0,0,1,0,0,0,1,0,car_1058
0,0,1,0,1,0,0,0,0,0,0,1,1,0,0,0,1,0,1,0,0,0,car_1059
0,0,1,0,1,0,0,0,0,0,0,1,1,0,0,1,0,0,0,1,0,0,car_1060
0,0,1,0,1,0,0,0,0,0,0,1,1,0,0,1,0,0,0,0,1,0,car_1061
0,0,1,0,1,0,0,0,0,0,0,1,1,0,0,1,0,0,1,0,0,0,car_1062
0,0,1,0,1,0,0,0,0,0,0,1,0,1,0,0,0,1,0,1,0,0,car_1063
0,0,1,0,1,0,0,0,0,0,0,1,0,1,0,0,0,1,0,0,1,0,car_1064
0,0,1,0,1,0,0,0,0,0,0,1,0,1,0,0,0,1,1,0,0,1,car_1065
0,0,1,0,1,0,0,0,0,0,0,1,0,1,0,0,1,0,0,1,0,0,car_1066
0,0,1,0,1,0,0,0,0,0,0,1,0,1,0,0,1,0,0,0,1,1,car_1067
0,0,1,0,1,0,0,0,0,0,0,1,0,1,0,0,1,0,1,0,0,1,car_1068
0,0,1,0,1,0,0,0,0,0,0,1,0,1,0,1,0,0,0,1,0,0,car_1069
0,0,1,0,1,0,0,0,0,0,0,1,0,1,0,1,0,0,0,0,1,1,car_1070
0,0,1,0,1,0,0,0,0,0,0,1,0,1,0,1,0,0,1,0,0,1,car_1071
0,0,1,0,1,0,0,0,0,0,0,1,0,0,1,0,0,1,0,1,0,0,car_1072
0,0,1,0,1,0,0,0,0,0,0,1,0,0,1,0,0,1,0,0,1,0,car_1073
0,0,1,0,1,0,0,0,0,0,0,1,0,0,1,0,0,1,1,0,0,1,car_1074
0,0,1,0,1,0,0,0,0,0,0,1,0,0,1,0,1,0,0,1,0,0,car_1075
0,0,1,0,1,0,0,0,0,0,0,1,0,0,1,0,1,0,0,0,1,1,car_1076
0,0,1,0,1,0,0,0,0,0,0,1,0,0,1,0,1,0,1,0,0,1,car_1077
0,0,1,0,1,0,0,0,0,0,0,1,0,0,1,1,0,0,0,1,0,0,car_1078
0,0,1,0,1,0,0,0,0,0,0,1,0,0,1,1,0,0,0,0,1,1,car_1079
0,0,1,0,1,0,0,0,0,0,0,1,0,0,1,1,0,0,1,0,0,1,car_1080
0,0,1,0,0,0,1,0,1,0,0,0,1,0,0,0,0,1,0,1,0,0,car_1081
0,0,1,0,0,0,1,0,1,0,0,0,1,0,0,0,0,1,0,0,1,0,car_1082
0,0,1,0,0,0,1,0,1,0,0,0,1,0,0,0,0,1,1,0,0,0,car_1083
0,0,1,0,0,0,1,0,1,0,0,0,1,0,0,0,1,0,0,1,0,0,car_1084
0,0,1,0,0,0,1,0,1,0,0,0,1,0,0,0,1,0,0,0,1,0,car_1085
0,0,1,0,0,0,1,0,1,0,0,0,1,0,0,0,1,0,1,0,0,0,car_1086
0,0,1,0,0,0,1,0,1,0,0,0,1,0,0,1,0,0,0,1,0,0,car_1087
0,0,1,0,0,0,1,0,1,0,0,0,1,0,0,1,0,0,0,0,1,0,car_1088
0,0,1,0,0,0,1,0,1,0,0,0,1,0,0,1,0,0,1,0,0,0,car_1089
0,0,1,0,0,0,1,0,1,0,0,0,0,1,0,0,0,1,0,1,0,0,car_1090
0,0,1,0,0,0,1,0,1,0,0,0,0,1,0,0,0,1,0,0,1,1,car_1091
0,0,1,0,0,0,1,0,1,0,0,0,0,1,0,0,0,1,1,0,0,1,car_1092
0,0,1,0,0,0,1,0,1,0,0,0,0,1,0,0,1,0,0,1,0,0,car_1093
0,0,1,0,0,0,1,0,1,0,0,0,0,1,0,0,1,0,0,0,1,1,car_1094
0,0,1,0,0,0,1,0,1,0,0,0,0,1,0,0,1,0,1,0,0,1,car_1095
0,0,1,0,0,0,1,0,1,0,0,0,0,1,0,1,0,0,0,1,0,0,car_1096
0,0,1,0,0,0,1,0,1,0,0,0,0,1,0,1,0,0,0,0,1,1,car_1097
0,0,1,0,0,0,1,0,1,0,0,0,0,1,0,1,0,0,1,0,0,1,car_1098
0,0,1,0,0,0,1,0,1,0,0,0,0,0,1,0,0,1,0,1,0,0,car_1099
0,0,1,0,0,0,1,0,1,0,0,0,0,0,1,0,0,1,0,0,1,0,car_1100
0,0,1,0,0,0,1,0,1,0,0,0,0,0,1,0,0,1,1,0,0,0,car_1101
0,0,1,0,0,0,1,0,1,0,0,0,0,0,1,0,1,0,0,1,0,0,car_1102
0,0,1,0,0,0,1,0,1,0,0,0,0,0,1,0,1,0,0,0,1,1,car_1103
0,0,1,0,0,0,1,0,1,0,0,0,0,0,1,0,1,0,1,0,0,1,car_1104
0,0,1,0,0,0,1,0,1,0,0,0,0,0,1,1,0,0,0,1,0,0,car_1105
0,0,1,0,0,0,1,0,1,0,0,0,0,0,1,1,0,0,0,0,1,1,car_1106
0,0,1,0,0,0,1,0,1,0,0,0,0,0,1,1,0,0,1,0,0,1,car_1107
0,0,1,0,0,0,1,0,0,1,0,0,1,0,0,0,0,1,0,1,0,0,car_1108
0,0,1,0,0,0,1,0,0,1,0,0,1,0,0,0,0,1,0,0,1,0,car_1109
0,0,1,0,0,0,1,0,0,1,0,0,1,0,0,0,0,1,1,0,0,0,car_1110
0,0,1,0,0,0,1,0,0,1,0,0,1,0,0,0,1,0,0,1,0,0,car_1111
0,0,1,0,0,0,1,0,0,1,0,0,1,0,0,0,1,0,0,0,1,0,car_1112
0,0,1,0,0,0,1,0,0,1,0,0,1,0,0,0,1,0,1,0,0,0,car_1113
0,0,1,0,0,0,1,0,0,1,0,0,1,0,0,1,0,0,0,1,0,0,car_1114
0,0,1,0,0,0,1,0,0,1,0,0,1,0,0,1,0,0,0,0,1,0,car_1115
0,0,1,0,0,0,1,0,0,1,0,0,1,0,0,1,0,0,1,0,0,0,car_1116
0,0,1,0,0,0,1,0,0,1,0,0,0,1,0,0,0,1,0,1,0,0,car_1117
0,0,1,0,0,0,1,0,0,1,0,0,0,1,0,0,0,1,0,0,1,1,car_1118
0,0,1,0,0,0,1,0,0,1,0,0,0,1,0,0,0,1,1,0,0,1,car_1119
0,0,1,0,0,0,1,0,0,1,0,0,0,1,0,0,1,0,0,1,0,0,car_1120
0,0,1,0,0,0,1,0,0,1,0,0,0,1,0,0,1,0,0,0,1,1,car_1121
0,0,1,0,0,0,1,0,0,1,0,0,0,1,0,0,1,0,1,0,0,1,car_1122
0,0,1,0,0,0,1,0,0,1,0,0,0,1,0,1,0,0,0,1,0,0,car_1123
0,0,1,0,0,0,1,0,0,1,0,0,0,1,0,1,0,0,0,0,1,1,car_1124
0,0,1,0,0,0,1,0,0,1,0,0,0,1,0,1,0,0,1,0,0,1,car_1125
0,0,1,0,0,0,1,0,0,1,0,0,0,0,1,0,0,1,0,1,0,0,car_1126
0,0,1,0,0,0,1,0,0,1,0,0,0,0,1,0,0,1,0,0,1,1,car_1127
0,0,1,0,0,0,1,0,0,1,0,0,0,0,1,0,0,1,1,0,0,1,car_1128
0,0,1,0,0,0,1,0,0,1,0,0,0,0,1,0,1,0,0,1,0,0,car_1129
0,0,1,0,0,0,1,0,0,1,0,0,0,0,1,0,1,0,0,0,1,1,car_1130
0,0,1,0,0,0,1,0,0,1,0,0,0,0,1,0,1,0,1,0,0,1,car_1131
0,0,1,0,0,0,1,0,0,1,0,0,0,0,1,1,0,0,0,1,0,0,car_1132
0,0,1,0,0,0,1,0,0,1,0,0,0,0,1,1,0,0,0,0,1,1,car_1133
0,0,1,0,0,0,1,0,0,1,0,0,0,0,1,1,0,0,1,0,0,1,car_1134
0,0,1,0,0,0,1,0,0,0,1,0,1,0,0,0,0,1,0,1,0,0,car_1135
0,0,1,0,0,0,1,0,0,0,1,0,1,0,0,0,0,1,0,0,1,0,car_1136
0,0,1,0,0,0,1,0,0,0,1,0,1,0,0,0,0,1,1,0,0,0,car_1137
0,0,1,0,0,0,1,0,0,0,1,0,1,0,0,0,1,0,0,1,0,0,car_1138
0,0,1,0,0,0,1,0,0,0,1,0,1,0,0,0,1,0,0,0,1,0,car_1139
0,0,1,0,0,0,1,0,0,0,1,0,1,0,0,0,1,0,1,0,0,0,car_1140
0,0,1,0,0,0,1,0,0,0,1,0,1,0,0,1,0,0,0,1,0,0,car_1141
0,0,1,0,0,0,1,0,0,0,1,0,1,0,0,1,0,0,0,0,1,0,car_1142
0,0,1,0,0,0,1,0,0,0,1,0,1,0,0,1,0,0,1,0,0,0,car_1143
0,0,1,0,0,0,1,0,0,0,1,0,0,1,0,0,0,1,0,1,0,0,car_1144
0,0,1,0,0,0,1,0,0,0,1,0,0,1,0,0,0,1,0,0,1,1,car_1145
0,0,1,0,0,0,1,0,0,0,1,0,0,1,0,0,0,1,1,0,0,1,car_1146
0,0,1,0,0,0,1,0,0,0,1,0,0,1,0,0,1,0,0,1,0,0,car_1147
0,0,1,0,0,0,1,0,0,0,1,0,0,1,0,0,1,0,0,0,1,1,car_1148
0,0,1,0,0,0,1,0,0,0,1,0,0,1,0,0,1,0,1,0,0,1,car_1149
0,0,1,0,0,0,1,0,0,0,1,0,0,1,0,1,0,0,0,1,0,0,car_1150
0,0,1,0,0,0,1,0,0,0,1,0,0,1,0,1,0,0,0,0,1,1,car_1151
0,0,1,0,0,0,1,0,0,0,1,0,0,1,0,1,0,0,1,0,0,1,car_1152
0,0,1,0,0,0,1,0,0,0,1,0,0,0,1,0,0,1,0,1,0,0,car_1153
0,0,1,0,0,0,1,0,0,0,1,0,0,0,1,0,0,1,0,0,1,1,car_1154
0,0,1,0,0,0,1,0,0,0,1,0,0,0,1,0,0,1,1,0,0,1,car_1155
0,0,1,0,0,0,1,0,0,0,1,0,0,0,1,0,1,0,0,1,0,0,car_1156
0,0,1,0,0,0,1,0,0,0,1,0,0,0,1,0,1,0,0,0,1,1,car_1157
0,0,1,0,0,0,1,0,0,0,1,0,0,0,1,0,1,0,1,0,0,1,car_1158
0,0,1,0,0,0,1,0,0,0,1,0,0,0,1,1,0,0,0,1,0,0,car_1159
0,0,1,0,0,0,1,0,0,0,1,0,0,0,1,1,0,0,0,0,1,1,car_1160
0,0,1,0,0,0,1,0,0,0,1,0,0,0,1,1,0,0,1,0,0,1,car_1161
0,0,1,0,0,0,1,0,0,0,0,1,1,0,0,0,0,1,0,1,0,0,car_1162
0,0,1,0,0,0,1,0,0,0,0,1,1,0,0,0,0,1,0,0,1,0,car_1163
0,0,1,0,0,0,1,0,0,0,0,1,1,0,0,0,0,1,1,0,0,0,car_1164
0,0,1,0,0,0,1,0,0,0,0,1,1,0,0,0,1,0,0,1,0,0,car_1165
0,0,1,0,0,0,1,0,0,0,0,1,1,0,0,0,1,0,0,0,1,0,car_1166
0,0,1,0,0,0,1,0,0,0,0,1,1,0,0,0,1,0,1,0,0,0,car_1167
0,0,1,0,0,0,1,0,0,0,0,1,1,0,0,1,0,0,0,1,0,0,car_1168
0,0,1,0,0,0,1,0,0,0,0,1,1,0,0,1,0,0,0,0,1,0,car_1169
0,0,1,0,0,0,1,0,0,0,0,1,1,0,0,1,0,0,1,0,0,0,car_1170
0,0,1,0,0,0,1,0,0,0,0,1,0,1,0,0,0,1,0,1,0,0,car_1171
0,0,1,0,0,0,1,0,0,0,0,1,0,1,0,0,0,1,0,0,1,1,car_1172
0,0,1,0,0,0,1,0,0,0,0,1,0,1,0,0,0,1,1,0,0,1,car_1173
0,0,1,0,0,0,1,0,0,0,0,1,0,1,0,0,1,0,0,1,0,0,car_1174
0,0,1,0,0,0,1,0,0,0,0,1,0,1,0,0,1,0,0,0,1,1,car_1175
0,0,1,0,0,0,1,0,0,0,0,1,0,1,0,0,1,0,1,0,0,1,car_1176
0,0,1,0,0,0,1,0,0,0,0,1,0,1,0,1,0,0,0,1,0,0,car_1177
0,0,1,0,0,0,1,0,0,0,0,1,0,1,0,1,0,0,0,0,1,1,car_1178
0,0,1,0,0,0,1,0,0,0,0,1,0,1,0,1,0,0,1,0,0,1,car_1179
0,0,1,0,0,0,1,0,0,0,0,1,0,0,1,0,0,1,0,1,0,0,car_1180
0,0,1,0,0,0,1,0,0,0,0,1,0,0,1,0,0,1,0,0,1,1,car_1181
0,0,1,0,0,0,1,0,0,0,0,1,0,0,1,0,0,1,1,0,0,1,car_1182
0,0,1,0,0,0,1,0,0,0,0,1,0,0,1,0,1,0,0,1,0,0,car_1183
0,0,1,0,0,0,1,0,0,0,0,1,0,0,1,0,1,0,0,0,1,1,car_1184
0,0,1,0,0,0,1,0,0,0,0,1,0,0,1,0,1,0,1,0,0,1,car_1185
0,0,1,0,0,0,1,0,0,0,0,1,0,0,1,1,0,0,0,1,0,0,car_1186
0,0,1,0,0,0,1,0,0,0,0,1,0,0,1,1,0,0,0,0,1,1,car_1187
0,0,1,0,0,0,1,0,0,0,0,1,0,0,1,1,0,0,1,0,0,1,car_1188
0,0,1,0,0,1,0,0,1,0,0,0,1,0,0,0,0,1,0,1,0,0,car_1189
0,0,1,0,0,1,0,0,1,0,0,0,1,0,0,0,0,1,0,0,1,0,car_1190
0,0,1,0,0,1,0,0,1,0,0,0,1,0,0,0,0,1,1,0,0,0,car_1191
0,0,1,0,0,1,0,0,1,0,0,0,1,0,0,0,1,0,0,1,0,0,car_1192
0,0,1,0,0,1,0,0,1,0,0,0,1,0,0,0,1,0,0,0,1,0,car_1193
0,0,1,0,0,1,0,0,1,0,0,0,1,0,0,0,1,0,1,0,0,0,car_1194
0,0,1,0,0,1,0,0,1,0,0,0,1,0,0,1,0,0,0,1,0,0,car_1195
0,0,1,0,0,1,0,0,1,0,0,0,1,0,0,1,0,0,0,0,1,0,car_1196
0,0,1,0,0,1,0,0,1,0,0,0,1,0,0,1,0,0,1,0,0,0,car_1197
0,0,1,0,0,1,0,0,1,0,0,0,0,1,0,0,0,1,0,1,0,0,car_1198
0,0,1,0,0,1,0,0,1,0,0,0,0,1,0,0,0,1,0,0,1,1,car_1199
0,0,1,0,0,1,0,0,1,0,0,0,0,1,0,0,0,1,1,0,0,1,car_1200
0,0,1,0,0,1,0,0,1,0,0,0,0,1,0,0,1,0,0,1,0,0,car_1201
0,0,1,0,0,1,0,0,1,0,0,0,0,1,0,0,1,0,0,0,1,1,car_1202
0,0,1,0,0,1,0,0,1,0,0,0,0,1,0,0,1,0,1,0,0,1,car_1203
0,0,1,0,0,1,0,0,1,0,0,0,0,1,0,1,0,0,0,1,0,0,car_1204
0,0,1,0,0,1,0,0,1,0,0,0,0,1,0,1,0,0,0,0,1,1,car_1205
0,0,1,0,0,1,0,0,1,0,0,0,0,1,0,1,0,0,1,0,0,1,car_1206
0,0,1,0,0,1,0,0,1,0,0,0,0,0,1,0,0,1,0,1,0,0,car_1207
0,0,1,0,0,1,0,0,1,0,0,0,0,0,1,0,0,1,0,0,1,0,car_1208
0,0,1,0,0,1,0,0,1,0,0,0,0,0,1,0,0,1,1,0,0,0,car_1209
0,0,1,0,0,1,0,0,1,0,0,0,0,0,1,0,1,0,0,1,0,0,car_1210
0,0,1,0,0,1,0,0,1,0,0,0,0,0,1,0,1,0,0,0,1,1,car_1211
0,0,1,0,0,1,0,0,1,0,0,0,0,0,1,0,1,0,1,0,0,1,car_1212
0,0,1,0,0,1,0,0,1,0,0,0,0,0,1,1,0,0,0,1,0,0,car_1213
0,0,1,0,0,1,0,0,1,0,0,0,0,0,1,1,0,0,0,0,1,1,car_1214
0,0,1,0,0,1,0,0,1,0,0,0,0,0,1,1,0,0,1,0,0,1,car_1215
0,0,1,0,0,1,0,0,0,1,0,0,1,0,0,0,0,1,0,1,0,0,car_1216
0,0,1,0,0,1,0,0,0,1,0,0,1,0,0,0,0,1,0,0,1,0,car_1217
0,0,1,0,0,1,0,0,0,1,0,0,1,0,0,0,0,1,1,0,0,0,car_1218
0,0,1,0,0,1,0,0,0,1,0,0,1,0,0,0,1,0,0,1,0,0,car_1219
0,0,1,0,0,1,0,0,0,1,0,0,1,0,0,0,1,0,0,0,1,0,car_1220
0,0,1,0,0,1,0,0,0,1,0,0,1,0,0,0,1,0,1,0,0,0,car_1221
0,0,1,0,0,1,0,0,0,1,0,0,1,0,0,1,0,0,0,1,0,0,car_1222
0,0,1,0,0,1,0,0,0,1,0,0,1,0,0,1,0,0,0,0,1,0,car_1223
0,0,1,0,0,1,0,0,0,1,0,0,1,0,0,1,0,0,1,0,0,0,car_1224
0,0,1,0,0,1,0,0,0,1,0,0,0,1,0,0,0,1,0,1,0,0,car_1225
0,0,1,0,0,1,0,0,0,1,0,0,0,1,0,0,0,1,0,0,1,1,car_1226
0,0,1,0,0,1,0,0,0,1,0,0,0,1,0,0,0,1,1,0,0,1,car_1227
0,0,1,0,0,1,0,0,0,1,0,0,0,1,0,0,1,0,0,1,0,0,car_1228
0,0,1,0,0,1,0,0,0,1,0,0,0,1,0,0,1,0,0,0,1,1,car_1229
0,0,1,0,0,1,0,0,0,1,0,0,0,1,0,0,1,0,1,0,0,1,car_1230
0,0,1,0,0,1,0,0,0,1,0,0,0,1,0,1,0,0,0,1,0,0,car_1231
0,0,1,0,0,1,0,0,0,1,0,0,0,1,0,1,0,0,0,0,1,1,car_1232
0,0,1,0,0,1,0,0,0,1,0,0,0,1,0,1,0,0,1,0,0,1,car_1233
0,0,1,0,0,1,0,0,0,1,0,0,0,0,1,0,0,1,0,1,0,0,car_1234
0,0,1,0,0,1,0,0,0,1,0,0,0,0,1,0,0,1,0,0,1,1,car_1235
0,0,1,0,0,1,0,0,0,1,0,0,0,0,1,0,0,1,1,0,0,1,car_1236
0,0,1,0,0,1,0,0,0,1,0,0,0,0,1,0,1,0,0,1,0,0,car_1237
0,0,1,0,0,1,0,0,0,1,0,0,0,0,1,0,1,0,0,0,1,1,car_1238
0,0,1,0,0,1,0,0,0,1,0,0,0,0,1,0,1,0,1,0,0,1,car_1239
0,0,1,0,0,1,0,0,0,1,0,0,0,0,1,1,0,0,0,1,0,0,car_1240
0,0,1,0,0,1,0,0,0,1,0,0,0,0,1,1,0,0,0,0,1,1,car_1241
0,0,1,0,0,1,0,0,0,1,0,0,0,0,1,1,0,0,1,0,0,1,car_1242
0,0,1,0,0,1,0,0,0,0,1,0,1,0,0,0,0,1,0,1,0,0,car_1243
0,0,1,0,0,1,0,0,0,0,1,0,1,0,0,0,0,1,0,0,1,0,car_1244
0,0,1,0,0,1,0,0,0,0,1,0,1,0,0,0,0,1,1,0,0,0,car_1245
0,0,1,0,0,1,0,0,0,0,1,0,1,0,0,0,1,0,0,1,0,0,car_1246
0,0,1,0,0,1,0,0,0,0,1,0,1,0,0,0,1,0,0,0,1,0,car_1247
0,0,1,0,0,1,0,0,0,0,1,0,1,0,0,0,1,0,1,0,0,0,car_1248
0,0,1,0,0,1,0,0,0,0,1,0,1,0,0,1,0,0,0,1,0,0,car_1249
0,0,1,0,0,1,0,0,0,0,1,0,1,0,0,1,0,0,0,0,1,0,car_1250
0,0,1,0,0,1,0,0,0,0,1,0,1,0,0,1,0,0,1,0,0,0,car_1251
0,0,1,0,0,1,0,0,0,0,1,0,0,1,0,0,0,1,0,1,0,0,car_1252
0,0,1,0,0,1,0,0,0,0,1,0,0,1,0,0,0,1,0,0,1,1,car_1253
0,0,1,0,0,1,0,0,0,0,1,0,0,1,0,0,0,1,1,0,0,1,car_1254
0,0,1,0,0,1,0,0,0,0,1,0,0,1,0,0,1,0,0,1,0,0,car_1255
0,0,1,0,0,1,0,0,0,0,1,0,0,1,0,0,1,0,0,0,1,1,car_1256
0,0,1,0,0,1,0,0,0,0,1,0,0,1,0,0,1,0,1,0,0,1,car_1257
0,0,1,0,0,1,0,0,0,0,1,0,0,1,0,1,0,0,0,1,0,0,car_1258
0,0,1,0,0,1,0,0,0,0,1,0,0,1,0,1,0,0,0,0,1,1,car_1259
0,0,1,0,0,1,0,0,0,0,1,0,0,1,0,1,0,0,1,0,0,1,car_1260
0,0,1,0,0,1,0,0,0,0,1,0,0,0,1,0,0,1,0,1,0,0,car_1261
0,0,1,0,0,1,0,0,0,0,1,0,0,0,1,0,0,1,0,0,1,1,car_1262
0,0,1,0,0,1,0,0,0,0,1,0,0,0,1,0,0,1,1,0,0,1,car_1263
0,0,1,0,0,1,0,0,0,0,1,0,0,0,1,0,1,0,0,1,0,0,car_1264
0,0,1,0,0,1,0,0,0,0,1,0,0,0,1,0,1,0,0,0,1,1,car_1265
0,0,1,0,0,1,0,0,0,0,1,0,0,0,1,0,1,0,1,0,0,1,car_1266
0,0,1,0,0,1,0,0,0,0,1,0,0,0,1,1,0,0,0,1,0,0,car_1267
0,0,1,0,0,1,0,0,0,0,1,0,0,0,1,1,0,0,0,0,1,1,car_1268
0,0,1,0,0,1,0,0,0,0,1,0,0,0,1,1,0,0,1,0,0,1,car_1269
0,0,1,0,0,1,0,0,0,0,0,1,1,0,0,0,0,1,0,1,0,0,car_1270
0,0,1,0,0,1,0,0,0,0,0,1,1,0,0,0,0,1,0,0,1,0,car_1271
0,0,1,0,0,1,0,0,0,0,0,1,1,0,0,0,0,1,1,0,0,0,car_1272
0,0,1,0,0,1,0,0,0,0,0,1,1,0,0,0,1,0,0,1,0,0,car_1273
0,0,1,0,0,1,0,0,0,0,0,1,1,0,0,0,1,0,0,0,1,0,car_1274
0,0,1,0,0,1,0,0,0,0,0,1,1,0,0,0,1,0,1,0,0,0,car_1275
0,0,1,0,0,1,0,0,0,0,0,1,1,0,0,1,0,0,0,1,0,0,car_1276
0,0,1,0,0,1,0,0,0,0,0,1,1,0,0,1,0,0,0,0,1,0,car_1277
0,0,1,0,0,1,0,0,0,0,0,1,1,0,0,1,0,0,1,0,0,0,car_1278
0,0,1,0,0,1,0,0,0,0,0,1,0,1,0,0,0,1,0,1,0,0,car_1279
0,0,1,0,0,1,0,0,0,0,0,1,0,1,0,0,0,1,0,0,1,1,car_1280
0,0,1,0,0,1,0,0,0,0,0,1,0,1,0,0,0,1,1,0,0,1,car_1281
0,0,1,0,0,1,0,0,0,0,0,1,0,1,0,0,1,0,0,1,0,0,car_1282
0,0,1,0,0,1,0,0,0,0,0,1,0,1,0,0,1,0,0,0,1,1,car_1283
0,0,1,0,0,1,0,0,0,0,0,1,0,1,0,0,1,0,1,0,0,1,car_1284
0,0,1,0,0,1,0,0,0,0,0,1,0,1,0,1,0,0,0,1,0,0,car_1285
0,0,1,0,0,1,0,0,0,0,0,1,0,1,0,1,0,0,0,0,1,1,car_1286
0,0,1,0,0,1,0,0,0,0,0,1,0,1,0,1,0,0,1,0,0,1,car_1287
0,0,1,0,0,1,0,0,0,0,0,1,0,0,1,0,0,1,0,1,0,0,car_1288
0,0,1,0,0,1,0,0,0,0,0,1,0,0,1,0,0,1,0,0,1,1,car_1289
0,0,1,0,0,1,0,0,0,0,0,1,0,0,1,0,0,1,1,0,0,1,car_1290
0,0,1,0,0,1,0,0,0,0,0,1,0,0,1,0,1,0,0,1,0,0,car_1291
0,0,1,0,0,1,0,0,0,0,0,1,0,0,1,0,1,0,0,0,1,1,car_1292
0,0,1,0,0,1,0,0,0,0,0,1,0,0,1,0,1,0,1,0,0,1,car_1293
0,0,1,0,0,1,0,0,0,0,0,1,0,0,1,1,0,0,0,1,0,0,car_1294
0,0,1,0,0,1,0,0,0,0,0,1,0,0,1,1,0,0,0,0,1,1,car_1295
0,0,1,0,0,1,0,0,0,0,0,1,0,0,1,1,0,0,1,0,0,1,car_1296
0,1,0,0,0,0,0,1,1,0,0,0,1,0,0,0,0,1,0,1,0,0,car_1297
0,1,0,0,0,0,0,1,1,0,0,0,1,0,0,0,0,1,0,0,1,0,car_1298
0,1,0,0,0,0,0,1,1,0,0,0,1,0,0,0,0,1,1,0,0,0,car_1299
0,1,0,0,0,0,0,1,1,0,0,0,1,0,0,0,1,0,0,1,0,0,car_1300
0,1,0,0,0,0,0,1,1,0,0,0,1,0,0,0,1,0,0,0,1,0,car_1301
0,1,0,0,0,0,0,1,1,0,0,0,1,0,0,0,1,0,1,0,0,0,car_1302
0,1,0,0,0,0,0,1,1,0,0,0,1,0,0,1,0,0,0,1,0,0,car_1303
0,1,0,0,0,0,0,1,1,0,0,0,1,0,0,1,0,0,0,0,1,0,car_1304
0,1,0,0,0,0,0,1,1,0,0,0,1,0,0,1,0,0,1,0,0,0,car_1305
0,1,0,0,0,0,0,1,1,0,0,0,0,1,0,0,0,1,0,1,0,0,car_1306
0,1,0,0,0,0,0,1,1,0,0,0,0,1,0,0,0,1,0,0,1,0,car_1307
0,1,0,0,0,0,0,1,1,0,0,0,0,1,0,0,0,1,1,0,0,1,car_1308
0,1,0,0,0,0,0,1,1,0,0,0,0,1,0,0,1,0,0,1,0,0,car_1309
0,1,0,0,0,0,0,1,1,0,0,0,0,1,0,0,1,0,0,0,1,0,car_1310
0,1,0,0,0,0,0,1,1,0,0,0,0,1,0,0,1,0,1,0,0,1,car_1311
0,1,0,0,0,0,0,1,1,0,0,0,0,1,0,1,0,0,0,1,0,0,car_1312
0,1,0,0,0,0,0,1,1,0,0,0,0,1,0,1,0,0,0,0,1,1,car_1313
0,1,0,0,0,0,0,1,1,0,0,0,0,1,0,1,0,0,1,0,0,1,car_1314
0,1,0,0,0,0,0,1,1,0,0,0,0,0,1,0,0,1,0,1,0,0,car_1315
0,1,0,0,0,0,0,1,1,0,0,0,0,0,1,0,0,1,0,0,1,0,car_1316
0,1,0,0,0,0,0,1,1,0,0,0,0,0,1,0,0,1,1,0,0,0,car_1317
0,1,0,0,0,0,0,1,1,0,0,0,0,0,1,0,1,0,0,1,0,0,car_1318
0,1,0,0,0,0,0,1,1,0,0,0,0,0,1,0,1,0,0,0,1,0,car_1319
0,1,0,0,0,0,0,1,1,0,0,0,0,0,1,0,1,0,1,0,0,1,car_1320
0,1,0,0,0,0,0,1,1,0,0,0,0,0,1,1,0,0,0,1,0,0,car_1321
0,1,0,0,0,0,0,1,1,0,0,0,0,0,1,1,0,0,0,0,1,1,car_1322
0,1,0,0,0,0,0,1,1,0,0,0,0,0,1,1,0,0,1,0,0,1,car_1323
0,1,0,0,0,0,0,1,0,1,0,0,1,0,0,0,0,1,0,1,0,0,car_1324
0,1,0,0,0,0,0,1,0,1,0,0,1,0,0,0,0,1,0,0,1,0,car_1325
0,1,0,0,0,0,0,1,0,1,0,0,1,0,0,0,0,1,1,0,0,0,car_1326
0,1,0,0,0,0,0,1,0,1,0,0,1,0,0,0,1,0,0,1,0,0,car_1327
0,1,0,0,0,0,0,1,0,1,0,0,1,0,0,0,1,0,0,0,1,0,car_1328
0,1,0,0,0,0,0,1,0,1,0,0,1,0,0,0,1,0,1,0,0,0,car_1329
0,1,0,0,0,0,0,1,0,1,0,0,1,0,0,1,0,0,0,1,0,0,car_1330
0,1,0,0,0,0,0,1,0,1,0,0,1,0,0,1,0,0,0,0,1,0,car_1331
0,1,0,0,0,0,0,1,0,1,0,0,1,0,0,1,0,0,1,0,0,0,car_1332
0,1,0,0,0,0,0,1,0,1,0,0,0,1,0,0,0,1,0,1,0,0,car_1333
0,1,0,0,0,0,0,1,0,1,0,0,0,1,0,0,0,1,0,0,1,0,car_1334
0,1,0,0,0,0,0,1,0,1,0,0,0,1,0,0,0,1,1,0,0,1,car_1335
0,1,0,0,0,0,0,1,0,1,0,0,0,1,0,0,1,0,0,1,0,0,car_1336
0,1,0,0,0,0,0,1,0,1,0,0,0,1,0,0,1,0,0,0,1,0,car_1337
0,1,0,0,0,0,0,1,0,1,0,0,0,1,0,0,1,0,1,0,0,1,car_1338
0,1,0,0,0,0,0,1,0,1,0,0,0,1,0,1,0,0,0,1,0,0,car_1339
0,1,0,0,0,0,0,1,0,1,0,0,0,1,0,1,0,0,0,0,1,1,car_1340
0,1,0,0,0,0,0,1,0,1,0,0,0,1,0,1,0,0,1,0,0,1,car_1341
0,1,0,0,0,0,0,1,0,1,0,0,0,0,1,0,0,1,0,1,0,0,car_1342
0,1,0,0,0,0,0,1,0,1,0,0,0,0,1,0,0,1,0,0,1,0,car_1343
0,1,0,0,0,0,0,1,0,1,0,0,0,0,1,0,0,1,1,0,0,1,car_1344
0,1,0,0,0,0,0,1,0,1,0,0,0,0,1,0,1,0,0,1,0,0,car_1345
0,1,0,0,0,0,0,1,0,1,0,0,0,0,1,0,1,0,0,0,1,1,car_1346
0,1,0,0,0,0,0,1,0,1,0,0,0,0,1,0,1,0,1,0,0,1,car_1347
0,1,0,0,0,0,0,1,0,1,0,0,0,0,1,1,0,0,0,1,0,0,car_1348
0,1,0,0,0,0,0,1,0,1,0,0,0,0,1,1,0,0,0,0,1,1,car_1349
0,1,0,0,0,0,0,1,0,1,0,0,0,0,1,1,0,0,1,0,0,1,car_1350
0,1,0,0,0,0,0,1,0,0,1,0,1,0,0,0,0,1,0,1,0,0,car_1351
0,1,0,0,0,0,0,1,0,0,1,0,1,0,0,0,0,1,0,0,1,0,car_1352
0,1,0,0,0,0,0,1,0,0,1,0,1,0,0,0,0,1,1,0,0,0,car_1353
0,1,0,0,0,0,0,1,0,0,1,0,1,0,0,0,1,0,0,1,0,0,car_1354
0,1,0,0,0,0,0,1,0,0,1,0,1,0,0,0,1,0,0,0,1,0,car_1355
0,1,0,0,0,0,0,1,0,0,1,0,1,0,0,0,1,0,1,0,0,0,car_1356
0,1,0,0,0,0,0,1,0,0,1,0,1,0,0,1,0,0,0,1,0,0,car_1357
0,1,0,0,0,0,0,1,0,0,1,0,1,0,0,1,0,0,0,0,1,0,car_1358
0,1,0,0,0,0,0,1,0,0,1,0,1,0,0,1,0,0,1,0,0,0,car_1359
0,1,0,0,0,0,0,1,0,0,1,0,0,1,0,0,0,1,0,1,0,0,car_1360
0,1,0,0,0,0,0,1,0,0,1,0,0,1,0,0,0,1,0,0,1,0,car_1361
0,1,0,0,0,0,0,1,0,0,1,0,0,1,0,0,0,1,1,0,0,1,car_1362
0,1,0,0,0,0,0,1,0,0,1,0,0,1,0,0,1,0,0,1,0,0,car_1363
0,1,0,0,0,0,0,1,0,0,1,0,0,1,0,0,1,0,0,0,1,1,car_1364
0,1,0,0,0,0,0,1,0,0,1,0,0,1,0,0,1,0,1,0,0,1,car_1365
0,1,0,0,0,0,0,1,0,0,1,0,0,1,0,1,0,0,0,1,0,0,car_1366
0,1,0,0,0,0,0,1,0,0,1,0,0,1,0,1,0,0,0,0,1,1,car_1367
0,1,0,0,0,0,0,1,0,0,1,0,0,1,0,1,0,0,1,0,0,1,car_1368
0,1,0,0,0,0,0,1,0,0,1,0,0,0,1,0,0,1,0,1,0,0,car_1369
0,1,0,0,0,0,0,1,0,0,1,0,0,0,1,0,0,1,0,0,1,0,car_1370
0,1,0,0,0,0,0,1,0,0,1,0,0,0,1,0,0,1,1,0,0,1,car_1371
0,1,0,0,0,0,0,1,0,0,1,0,0,0,1,0,1,0,0,1,0,0,car_1372
0,1,0,0,0,0,0,1,0,0,1,0,0,0,1,0,1,0,0,0,1,1,car_1373
0,1,0,0,0,0,0,1,0,0,1,0,0,0,1,0,1,0,1,0,0,1,car_1374
0,1,0,0,0,0,0,1,0,0,1,0,0,0,1,1,0,0,0,1,0,0,car_1375
0,1,0,0,0,0,0,1,0,0,1,0,0,0,1,1,0,0,0,0,1,1,car_1376
0,1,0,0,0,0,0,1,0,0,1,0,0,0,1,1,0,0,1,0,0,1,car_1377
0,1,0,0,0,0,0,1,0,0,0,1,1,0,0,0,0,1,0,1,0,0,car_1378
0,1,0,0,0,0,0,1,0,0,0,1,1,0,0,0,0,1,0,0,1,0,car_1379
0,1,0,0,0,0,0,1,0,0,0,1,1,0,0,0,0,1,1,0,0,0,car_1380
0,1,0,0,0,0,0,1,0,0,0,1,1,0,0,0,1,0,0,1,0,0,car_1381
0,1,0,0,0,0,0,1,0,0,0,1,1,0,0,0,1,0,0,0,1,0,car_1382
